﻿pos_x,pos_y,rotation,side,designator,mpn,pack,footprint,value,mount_type
137.344978,64.041919,180.0,top,C1,CGA3E2X7R1H103K080AA,,C_0603_1608Metric,10nF,smt
134.156846,85.712779,-90.0,top,C10,CGA3E1X7R1V105K080AC,,C_0603_1608Metric,1uF,smt
192.624099,64.041923,0.0,top,C11,CGA3E2X7R1H103K080AA,,C_0603_1608Metric,10nF,smt
189.954882,81.774779,90.0,top,C12,C1608X7R1H104K080AA,,C_0603_1608Metric,0.1uF,smt
196.484105,72.691926,0.0,top,C13,CGA3E1X7R1V105K080AC,,C_0603_1608Metric,1uF,smt
211.501714,109.438474,180.0,top,C14,CGA3E1X7R1V105K080AC,,C_0603_1608Metric,1uF,smt
195.771985,98.048478,90.0,top,C15,C1608X5R1E225M080AB,,C_0603_1608Metric,2.2uF,smt
189.091991,99.838478,180.0,top,C16,C1608X5R0J106K080AB,,C_0603_1608Metric,10uF,smt
192.091989,99.838484,0.0,top,C17,C1608X5R0J106K080AB,,C_0603_1608Metric,10uF,smt
197.311986,97.273474,-90.0,top,C18,C1608X5R0J106K080AB,,C_0603_1608Metric,10uF,smt
189.876996,85.690984,90.0,top,C19,CGA3E1X7R1V105K080AC,,C_0603_1608Metric,1uF,smt
139.01896,81.796597,90.0,top,C2,C1608X7R1H104K080AA,,C_0603_1608Metric,0.1uF,smt
194.80699,85.690958,90.0,top,C20,CGA3E1X7R1V105K080AC,,C_0603_1608Metric,1uF,smt
133.484981,72.691924,180.0,top,C3,CGA3E1X7R1V105K080AC,,C_0603_1608Metric,1uF,smt
112.467967,109.09,180.0,top,C4,CGA3E1X7R1V105K080AC,,C_0603_1608Metric,1uF,smt
140.044381,98.129241,90.0,top,C5,C1608X5R1E225M080AB,,C_0603_1608Metric,2.2uF,smt
133.364402,99.919243,180.0,top,C6,C1608X5R0J106K080AB,,C_0603_1608Metric,10uF,smt
136.364399,99.919255,0.0,top,C7,C1608X5R0J106K080AB,,C_0603_1608Metric,10uF,smt
141.584394,97.354237,-90.0,top,C8,C1608X5R0J106K080AB,,C_0603_1608Metric,10uF,smt
139.096862,85.712773,-90.0,top,C9,CGA3E1X7R1V105K080AC,,C_0603_1608Metric,1uF,smt
109.299905,44.069332,-115.0,top,D1,1N4148WT-7,,D_SOD-523,D_Small,smt
70.722747,103.800306,-85.0,top,D10,1N4148WT-7,,D_SOD-523,D_Small,smt
72.200447,86.904416,-85.0,top,D11,1N4148WT-7,,D_SOD-523,D_Small,smt
73.678172,70.008526,-85.0,top,D12,1N4148WT-7,,D_SOD-523,D_Small,smt
48.950329,95.121,-80.0,top,D13,1N4148WT-7,,D_SOD-523,D_Small,smt
51.894996,78.418156,-80.0,top,D14,1N4148WT-7,,D_SOD-523,D_Small,smt
54.829003,61.72963,-80.0,top,D15,1N4148WT-7,,D_SOD-523,D_Small,smt
24.13209,68.126451,-60.0,top,D16,1N4148WT-7,,D_SOD-523,D_Small,smt
32.611864,53.438052,-60.0,top,D17,1N4148WT-7,,D_SOD-523,D_Small,smt
41.091622,38.74969,-60.0,top,D18,1N4148WT-7,,D_SOD-523,D_Small,smt
14.412573,48.311171,-60.0,top,D19,1N4148WT-7,,D_SOD-523,D_Small,smt
126.319513,36.113647,-120.0,top,D2,1N4148WT-7,,D_SOD-523,D_Small,smt
22.892335,33.622808,-60.0,top,D20,1N4148WT-7,,D_SOD-523,D_Small,smt
137.285114,92.106318,-90.0,top,D21,IN-S63AT5A,,LED_0603_1608Metric,LED_Error,smt
135.435107,92.106308,-90.0,top,D22,IN-S63AT5G,,LED_0603_1608Metric,LED_Green,smt
193.012708,92.025541,-90.0,top,D23,IN-S63AT5A,,LED_0603_1608Metric,LED_Error,smt
191.162697,92.015545,-90.0,top,D24,IN-S63AT5G,,LED_0603_1608Metric,LED_Green,smt
173.545625,16.998899,-55.0,top,D25,1N4148WT-7,,D_SOD-523,D_Small,smt
188.901908,27.687977,-60.0,top,D26,1N4148WT-7,,D_SOD-523,D_Small,smt
205.152518,36.962006,-65.0,top,D27,1N4148WT-7,,D_SOD-523,D_Small,smt
200.355831,100.345882,-90.0,top,D28,1N4148WT-7,,D_SOD-523,D_Small,smt
200.362305,83.426545,-90.0,top,D29,1N4148WT-7,,D_SOD-523,D_Small,smt
142.51872,26.652749,-125.0,top,D3,1N4148WT-7,,D_SOD-523,D_Small,smt
200.355812,66.507256,-90.0,top,D30,1N4148WT-7,,D_SOD-523,D_Small,smt
219.457407,103.829286,-90.0,top,D31,1N4148WT-7,,D_SOD-523,D_Small,smt
219.465329,86.848159,-90.0,top,D32,1N4148WT-7,,D_SOD-523,D_Small,smt
219.451401,69.949003,-90.0,top,D33,1N4148WT-7,,D_SOD-523,D_Small,smt
242.269826,105.025205,-95.0,top,D34,1N4148WT-7,,D_SOD-523,D_Small,smt
240.788684,88.170263,-95.0,top,D35,1N4148WT-7,,D_SOD-523,D_Small,smt
239.314428,71.233386,-95.0,top,D36,1N4148WT-7,,D_SOD-523,D_Small,smt
264.214397,97.704859,-100.0,top,D37,1N4148WT-7,,D_SOD-523,D_Small,smt
261.269748,81.002015,-100.0,top,D38,1N4148WT-7,,D_SOD-523,D_Small,smt
258.325115,64.299191,-100.0,top,D39,1N4148WT-7,,D_SOD-523,D_Small,smt
112.574262,100.489562,-90.0,top,D4,1N4148WT-7,,D_SOD-523,D_Small,smt
291.013432,76.050065,-120.0,top,D40,1N4148WT-7,,D_SOD-523,D_Small,smt
282.533661,61.36169,-120.0,top,D41,1N4148WT-7,,D_SOD-523,D_Small,smt
274.0539,46.673298,-120.0,top,D42,1N4148WT-7,,D_SOD-523,D_Small,smt
300.732961,56.234817,-120.0,top,D43,1N4148WT-7,,D_SOD-523,D_Small,smt
292.253201,41.546444,-120.0,top,D44,1N4148WT-7,,D_SOD-523,D_Small,smt
67.743542,107.829727,95.0,top,D45,IN-S63AT5B,,LED_0603_1608Metric,LED_Blue,smt
90.306564,109.801792,95.0,top,D46,IN-S63AT5G,,LED_0603_1608Metric,LED_Green,smt
262.259955,107.681162,85.0,top,D48,IN-S63AT5B,,LED_0603_1608Metric,LED_Blue,smt
239.663546,109.658098,85.0,top,D49,IN-S63AT5G,,LED_0603_1608Metric,LED_Green,smt
112.585243,83.511262,-90.0,top,D5,1N4148WT-7,,D_SOD-523,D_Small,smt
112.573262,66.569738,-90.0,top,D6,1N4148WT-7,,D_SOD-523,D_Small,smt
93.478659,103.932277,-90.0,top,D7,1N4148WT-7,,D_SOD-523,D_Small,smt
93.478178,86.971853,-90.0,top,D8,1N4148WT-7,,D_SOD-523,D_Small,smt
93.477665,70.011449,-90.0,top,D9,1N4148WT-7,,D_SOD-523,D_Small,smt
2.499998,2.500002,0.0,top,FID1,,,Fiducial_0.5mm_Mask1mm,Fiducial,smt
327.426888,120.297659,0.0,top,FID2,,,Fiducial_0.5mm_Mask1mm,Fiducial,smt
2.499998,2.500002,180.0,bottom,FID3,,,Fiducial_0.5mm_Mask1mm,Fiducial,smt
327.426888,120.297659,180.0,bottom,FID4,,,Fiducial_0.5mm_Mask1mm,Fiducial,smt
117.012148,40.44823,-25.0,top,H1,,,SwitchHoles_Kailh_Choc_V1V2,SwitchHoles,smt
79.212304,104.52046,5.0,top,H10,,,SwitchHoles_Kailh_Choc_V1V2,SwitchHoles,smt
80.689988,87.624566,5.0,top,H11,,,SwitchHoles_Kailh_Choc_V1V2,SwitchHoles,smt
82.167707,70.72867,5.0,top,H12,,,SwitchHoles_Kailh_Choc_V1V2,SwitchHoles,smt
57.344799,96.578322,10.0,top,H13,,,SwitchHoles_Kailh_Choc_V1V2,SwitchHoles,smt
60.289475,79.875476,10.0,top,H14,,,SwitchHoles_Kailh_Choc_V1V2,SwitchHoles,smt
63.223473,63.18696,10.0,top,H15,,,SwitchHoles_Kailh_Choc_V1V2,SwitchHoles,smt
31.521876,72.366969,30.0,top,H16,,,SwitchHoles_Kailh_Choc_V1V2,SwitchHoles,smt
40.00166,57.678563,30.0,top,H17,,,SwitchHoles_Kailh_Choc_V1V2,SwitchHoles,smt
48.481423,42.990196,30.0,top,H18,,,SwitchHoles_Kailh_Choc_V1V2,SwitchHoles,smt
21.802367,52.551702,30.0,top,H19,,,SwitchHoles_Kailh_Choc_V1V2,SwitchHoles,smt
133.68681,31.834163,-30.0,top,H2,,,SwitchHoles_Kailh_Choc_V1V2,SwitchHoles,smt
30.282123,37.863323,30.0,top,H20,,,SwitchHoles_Kailh_Choc_V1V2,SwitchHoles,smt
180.537724,21.867343,35.0,top,H21,,,SwitchHoles_Kailh_Choc_V1V2,SwitchHoles,smt
196.291708,31.92847,30.0,top,H22,,,SwitchHoles_Kailh_Choc_V1V2,SwitchHoles,smt
212.88377,40.542322,25.0,top,H23,,,SwitchHoles_Kailh_Choc_V1V2,SwitchHoles,smt
208.875827,100.323364,0.0,top,H24,,,SwitchHoles_Kailh_Choc_V1V2,SwitchHoles,smt
208.882316,83.404047,0.0,top,H25,,,SwitchHoles_Kailh_Choc_V1V2,SwitchHoles,smt
208.87582,66.484747,0.0,top,H26,,,SwitchHoles_Kailh_Choc_V1V2,SwitchHoles,smt
227.977412,103.806783,0.0,top,H27,,,SwitchHoles_Kailh_Choc_V1V2,SwitchHoles,smt
227.985323,86.825657,0.0,top,H28,,,SwitchHoles_Kailh_Choc_V1V2,SwitchHoles,smt
227.971423,69.9265,0.0,top,H29,,,SwitchHoles_Kailh_Choc_V1V2,SwitchHoles,smt
149.484974,21.747437,-35.0,top,H3,,,SwitchHoles_Kailh_Choc_V1V2,SwitchHoles,smt
250.755446,104.260211,-5.0,top,H30,,,SwitchHoles_Kailh_Choc_V1V2,SwitchHoles,smt
249.274307,87.405266,-5.0,top,H31,,,SwitchHoles_Kailh_Choc_V1V2,SwitchHoles,smt
247.800064,70.468398,-5.0,top,H32,,,SwitchHoles_Kailh_Choc_V1V2,SwitchHoles,smt
272.601042,96.203201,-10.0,top,H33,,,SwitchHoles_Kailh_Choc_V1V2,SwitchHoles,smt
269.656428,79.500369,-10.0,top,H34,,,SwitchHoles_Kailh_Choc_V1V2,SwitchHoles,smt
266.711777,62.797555,-10.0,top,H35,,,SwitchHoles_Kailh_Choc_V1V2,SwitchHoles,smt
298.380723,71.770581,-30.0,top,H36,,,SwitchHoles_Kailh_Choc_V1V2,SwitchHoles,smt
289.900964,57.082195,-30.0,top,H37,,,SwitchHoles_Kailh_Choc_V1V2,SwitchHoles,smt
281.42118,42.393829,-30.0,top,H38,,,SwitchHoles_Kailh_Choc_V1V2,SwitchHoles,smt
308.100249,51.955313,-30.0,top,H39,,,SwitchHoles_Kailh_Choc_V1V2,SwitchHoles,smt
121.094267,100.467054,0.0,top,H4,,,SwitchHoles_Kailh_Choc_V1V2,SwitchHoles,smt
299.620505,37.266953,-30.0,top,H40,,,SwitchHoles_Kailh_Choc_V1V2,SwitchHoles,smt
173.237791,10.445834,-55.0,top,H43,,,mouse-bite-3mm-6mm,MouseBite,tht
145.547022,109.797656,-90.0,top,H44,,,mouse-bite-3mm-6mm,MouseBite,tht
184.422045,47.973886,-90.0,top,H45,,,mouse-bite-3mm-6mm,MouseBite,tht
156.73127,10.445831,-125.0,top,H46,,,mouse-bite-3mm-6mm,MouseBite,tht
184.422041,109.797655,-90.0,top,H47,,,mouse-bite-3mm-6mm,MouseBite,tht
145.547033,47.973887,-90.0,top,H48,,,mouse-bite-3mm-6mm,MouseBite,tht
313.523072,36.305018,-120.0,top,H49,,,mouse-bite-3mm-6mm,MouseBite,tht
121.105242,83.48876,0.0,top,H5,,,SwitchHoles_Kailh_Choc_V1V2,SwitchHoles,smt
16.448139,36.302711,-60.0,top,H50,,,mouse-bite-3mm-6mm,MouseBite,tht
121.093263,66.547239,0.0,top,H6,,,SwitchHoles_Kailh_Choc_V1V2,SwitchHoles,smt
164.850211,62.905947,180.0,bottom,H64,,,Salt,Art,smt
204.885822,116.288465,0.0,top,H65,,,mouse-bite-3mm-6mm,MouseBite,tht
164.872288,62.905947,0.0,top,H66,,,Salt,Art,smt
125.115783,116.297659,0.0,top,H67,,,mouse-bite-3mm-6mm,MouseBite,tht
101.998666,103.909764,0.0,top,H7,,,SwitchHoles_Kailh_Choc_V1V2,SwitchHoles,smt
101.998173,86.949351,0.0,top,H8,,,SwitchHoles_Kailh_Choc_V1V2,SwitchHoles,smt
101.997664,69.988956,0.0,top,H9,,,SwitchHoles_Kailh_Choc_V1V2,SwitchHoles,smt
136.626844,85.672781,180.0,top,IC1,MCP1700T-3302E/MAY,,SON65P200X200X90-7N,MCP1700T-3302E_MAY,smt
192.346988,85.650984,0.0,top,IC2,MCP1700T-3302E/MAY,,SON65P200X200X90-7N,MCP1700T-3302E_MAY,smt
141.134989,70.171919,90.0,top,J1,UJ20-C-H-G-SMT-P16-TR,,USB_C_Receptacle_HRO_TYPE-C-31-M-12,USB_C_Receptacle_USB2.0_16P,smt
188.834093,70.171922,-90.0,top,J2,UJ20-C-H-G-SMT-P16-TR,,USB_C_Receptacle_HRO_TYPE-C-31-M-12,USB_C_Receptacle_USB2.0_16P,smt
139.284406,58.58923,-90.0,top,J3,,,PinHeader_2x03_P2.00mm_Vertical,Conn_02x03_Odd_Even,tht
190.6241,56.850777,90.0,top,J4,,,PinHeader_2x03_P2.00mm_Vertical,Conn_02x03_Odd_Even,tht
134.867611,50.027878,90.0,bottom,J5,S2B-PH-SM4-TB(LF)(SN),,JST_PH_S2B-PH-SM4-TB_1x02-1MP_P2.00mm_Horizontal,Conn_01x02,smt
195.101474,50.027876,-90.0,bottom,J6,S2B-PH-SM4-TB(LF)(SN),,JST_PH_S2B-PH-SM4-TB_1x02-1MP_P2.00mm_Horizontal,Conn_01x02,smt
112.670275,37.052534,-25.0,top,KHS1,,,Kailh_HS_Socket,KHS,smt
77.149978,99.408753,5.0,top,KHS10,,,Kailh_HS_Socket,KHS,smt
78.627655,82.512866,5.0,top,KHS11,,,Kailh_HS_Socket,KHS,smt
80.105382,65.616977,5.0,top,KHS12,,,Kailh_HS_Socket,KHS,smt
55.735828,91.306324,10.0,top,KHS13,,,Kailh_HS_Socket,KHS,smt
58.680503,74.603483,10.0,top,KHS14,,,Kailh_HS_Socket,KHS,smt
61.614506,57.914957,10.0,top,KHS15,,,Kailh_HS_Socket,KHS,smt
31.813062,66.862625,30.0,top,KHS16,,,Kailh_HS_Socket,KHS,smt
40.292844,52.174216,30.0,top,KHS17,,,Kailh_HS_Socket,KHS,smt
48.772619,37.48586,30.0,top,KHS18,,,Kailh_HS_Socket,KHS,smt
22.093552,47.047349,30.0,top,KHS19,,,Kailh_HS_Socket,KHS,smt
129.065488,28.829803,-30.0,top,KHS2,,,Kailh_HS_Socket,KHS,smt
30.573312,32.358974,30.0,top,KHS20,,,Kailh_HS_Socket,KHS,smt
181.307516,16.409315,35.0,top,KHS21,,,Kailh_HS_Socket,KHS,smt
196.582897,26.424136,30.0,top,KHS22,,,Kailh_HS_Socket,KHS,smt
212.694113,35.033547,25.0,top,KHS23,,,Kailh_HS_Socket,KHS,smt
206.375852,95.41087,0.0,top,KHS24,,,Kailh_HS_Socket,KHS,smt
206.382312,78.491539,0.0,top,KHS25,,,Kailh_HS_Socket,KHS,smt
206.375823,61.572264,0.0,top,KHS26,,,Kailh_HS_Socket,KHS,smt
225.477398,98.894269,0.0,top,KHS27,,,Kailh_HS_Socket,KHS,smt
225.485322,81.913143,0.0,top,KHS28,,,Kailh_HS_Socket,KHS,smt
225.471409,65.014001,0.0,top,KHS29,,,Kailh_HS_Socket,KHS,smt
144.619405,19.157294,-35.0,top,KHS3,,,Kailh_HS_Socket,KHS,smt
247.8368,99.584296,-5.0,top,KHS30,,,Kailh_HS_Socket,KHS,smt
246.355663,82.729347,-5.0,top,KHS31,,,Kailh_HS_Socket,KHS,smt
244.881406,65.792494,-5.0,top,KHS32,,,Kailh_HS_Socket,KHS,smt
269.285989,91.799451,-10.0,top,KHS33,,,Kailh_HS_Socket,KHS,smt
266.341365,75.096626,-10.0,top,KHS34,,,Kailh_HS_Socket,KHS,smt
263.396703,58.393807,-10.0,top,KHS35,,,Kailh_HS_Socket,KHS,smt
293.759405,68.766235,-30.0,top,KHS36,,,Kailh_HS_Socket,KHS,smt
285.279651,54.077837,-30.0,top,KHS37,,,Kailh_HS_Socket,KHS,smt
276.799886,39.38946,-30.0,top,KHS38,,,Kailh_HS_Socket,KHS,smt
303.47894,48.950969,-30.0,top,KHS39,,,Kailh_HS_Socket,KHS,smt
118.594262,95.554553,0.0,top,KHS4,,,Kailh_HS_Socket,KHS,smt
294.99918,34.262593,-30.0,top,KHS40,,,Kailh_HS_Socket,KHS,smt
118.605238,78.576257,0.0,top,KHS5,,,Kailh_HS_Socket,KHS,smt
118.593255,61.634738,0.0,top,KHS6,,,Kailh_HS_Socket,KHS,smt
99.498671,98.997263,0.0,top,KHS7,,,Kailh_HS_Socket,KHS,smt
99.498167,82.03684,0.0,top,KHS8,,,Kailh_HS_Socket,KHS,smt
99.497676,65.076449,0.0,top,KHS9,,,Kailh_HS_Socket,KHS,smt
135.294385,101.56924,0.0,top,L1,MLZ2012A2R2WT000,,L_0805_2012Metric,2.2uH,smt
191.021981,101.488478,0.0,top,L2,MLZ2012A2R2WT000,,L_0805_2012Metric,2.2uH,smt
119.305076,45.127657,-25.0,top,LED1,IN-S63AT5UW,,LED_0603_1608Metric,LED_Small,smt
78.858326,109.71943,5.0,top,LED10,IN-S63AT5UW,,LED_0603_1608Metric,LED_Small,smt
80.336002,92.823531,5.0,top,LED11,IN-S63AT5UW,,LED_0603_1608Metric,LED_Small,smt
81.813738,75.927634,5.0,top,LED12,IN-S63AT5UW,,LED_0603_1608Metric,LED_Small,smt
56.539055,101.726637,10.0,top,LED13,IN-S63AT5UW,,LED_0603_1608Metric,LED_Small,smt
59.483721,85.023803,10.0,top,LED14,IN-S63AT5UW,,LED_0603_1608Metric,LED_Small,smt
62.41772,68.335275,10.0,top,LED15,IN-S63AT5UW,,LED_0603_1608Metric,LED_Small,smt
29.003889,76.929239,30.0,top,LED16,IN-S63AT5UW,,LED_0603_1608Metric,LED_Small,smt
37.483664,62.24083,30.0,top,LED17,IN-S63AT5UW,,LED_0603_1608Metric,LED_Small,smt
45.963435,47.552466,30.0,top,LED18,IN-S63AT5UW,,LED_0603_1608Metric,LED_Small,smt
19.28435,57.113952,30.0,top,LED19,IN-S63AT5UW,,LED_0603_1608Metric,LED_Small,smt
136.378847,36.295936,-30.0,top,LED2,IN-S63AT5UW,,LED_0603_1608Metric,LED_Small,smt
27.764134,42.425586,30.0,top,LED20,IN-S63AT5UW,,LED_0603_1608Metric,LED_Small,smt
177.63167,26.192791,35.0,top,LED21,IN-S63AT5UW,,LED_0603_1608Metric,LED_Small,smt
193.773715,36.490751,30.0,top,LED22,IN-S63AT5UW,,LED_0603_1608Metric,LED_Small,smt
210.772985,45.306678,25.0,top,LED23,IN-S63AT5UW,,LED_0603_1608Metric,LED_Small,smt
208.976321,105.533399,0.0,top,LED24,IN-S63AT5UW,,LED_0603_1608Metric,LED_Small,smt
208.982808,88.614063,0.0,top,LED25,IN-S63AT5UW,,LED_0603_1608Metric,LED_Small,smt
208.976287,71.694788,0.0,top,LED26,IN-S63AT5UW,,LED_0603_1608Metric,LED_Small,smt
228.077892,109.016815,0.0,top,LED27,IN-S63AT5UW,,LED_0603_1608Metric,LED_Small,smt
228.085812,92.035689,0.0,top,LED28,IN-S63AT5UW,,LED_0603_1608Metric,LED_Small,smt
228.0719,75.136529,0.0,top,LED29,IN-S63AT5UW,,LED_0603_1608Metric,LED_Small,smt
152.55565,25.95761,-35.0,top,LED3,IN-S63AT5UW,,LED_0603_1608Metric,LED_Small,smt
251.309642,109.441667,-5.0,top,LED30,IN-S63AT5UW,,LED_0603_1608Metric,LED_Small,smt
249.828485,92.586713,-5.0,top,LED31,IN-S63AT5UW,,LED_0603_1608Metric,LED_Small,smt
248.354237,75.649843,-5.0,top,LED32,IN-S63AT5UW,,LED_0603_1608Metric,LED_Small,smt
273.604716,101.316626,-10.0,top,LED33,IN-S63AT5UW,,LED_0603_1608Metric,LED_Small,smt
270.660082,84.613803,-10.0,top,LED34,IN-S63AT5UW,,LED_0603_1608Metric,LED_Small,smt
267.715442,67.91099,-10.0,top,LED35,IN-S63AT5UW,,LED_0603_1608Metric,LED_Small,smt
301.072757,76.232339,-30.0,top,LED36,IN-S63AT5UW,,LED_0603_1608Metric,LED_Small,smt
292.592998,61.543984,-30.0,top,LED37,IN-S63AT5UW,,LED_0603_1608Metric,LED_Small,smt
284.113218,46.855579,-30.0,top,LED38,IN-S63AT5UW,,LED_0603_1608Metric,LED_Small,smt
310.792294,56.417102,-30.0,top,LED39,IN-S63AT5UW,,LED_0603_1608Metric,LED_Small,smt
121.194754,105.67709,0.0,top,LED4,IN-S63AT5UW,,LED_0603_1608Metric,LED_Small,smt
302.31254,41.728723,-30.0,top,LED40,IN-S63AT5UW,,LED_0603_1608Metric,LED_Small,smt
121.205717,88.698793,0.0,top,LED5,IN-S63AT5UW,,LED_0603_1608Metric,LED_Small,smt
121.19375,71.757273,0.0,top,LED6,IN-S63AT5UW,,LED_0603_1608Metric,LED_Small,smt
102.099149,109.119798,0.0,top,LED7,IN-S63AT5UW,,LED_0603_1608Metric,LED_Small,smt
102.098664,92.159379,0.0,top,LED8,IN-S63AT5UW,,LED_0603_1608Metric,LED_Small,smt
102.098147,75.198983,0.0,top,LED9,IN-S63AT5UW,,LED_0603_1608Metric,LED_Small,smt
126.40951,53.164392,180.0,top,Q1,IRLML6344TRPBF,,SOT-23,AO3400A,smt
203.570579,53.076897,0.0,top,Q2,IRLML6344TRPBF,,SOT-23,AO3400A,smt
129.213508,53.076878,-90.0,top,R1,RC0603FR-075K1L,,R_0603_1608Metric,5.1k,smt
196.511983,92.86847,0.0,top,R10,RC0603FR-075K1L,,R_0603_1608Metric,5.1k,smt
196.512,91.208474,180.0,top,R11,RC0603FR-071K5L,,R_0603_1608Metric,1.5k,smt
196.512,94.388483,180.0,top,R12,RC0603FR-075K1L,,R_0603_1608Metric,5.1k,smt
200.755558,53.076888,90.0,top,R13,RC0603FR-075K1L,,R_0603_1608Metric,5.1k,smt
207.135569,53.076894,180.0,top,R14,RC0603FR-071K5L,,R_0603_1608Metric,1.5k,smt
68.010159,104.803335,95.0,top,R15,RC0603FR-071K5L,,R_0603_1608Metric,1.5k,smt
90.579515,106.783235,95.0,top,R16,RC0603FR-071K5L,,R_0603_1608Metric,1.5k,smt
261.972368,104.672108,85.0,top,R18,RC0603FR-071K5L,,R_0603_1608Metric,1.5k,smt
239.402807,106.646678,85.0,top,R19,RC0603FR-071K5L,,R_0603_1608Metric,1.5k,smt
122.844506,53.07688,0.0,top,R2,RC0603FR-071K5L,,R_0603_1608Metric,1.5k,smt
137.285117,89.090304,-90.0,top,R21,RC0603FR-071K5L,,R_0603_1608Metric,1.5k,smt
193.01271,88.995546,-90.0,top,R22,RC0603FR-071K5L,,R_0603_1608Metric,1.5k,smt
135.435109,89.090311,-90.0,top,R23,RC0603FR-071K5L,,R_0603_1608Metric,1.5k,smt
191.162701,88.985547,-90.0,top,R24,RC0603FR-071K5L,,R_0603_1608Metric,1.5k,smt
133.484981,68.421934,180.0,top,R3,RC0603FR-075K1L,,R_0603_1608Metric,5.1k,smt
133.484977,71.17192,180.0,top,R4,RC0603FR-075K1L,,R_0603_1608Metric,5.1k,smt
140.784392,92.949246,0.0,top,R5,RC0603FR-075K1L,,R_0603_1608Metric,5.1k,smt
140.784394,91.289246,180.0,top,R6,RC0603FR-071K5L,,R_0603_1608Metric,1.5k,smt
140.784397,94.469257,180.0,top,R7,RC0603FR-075K1L,,R_0603_1608Metric,5.1k,smt
196.484095,71.171943,0.0,top,R8,RC0603FR-075K1L,,R_0603_1608Metric,5.1k,smt
196.484095,68.421929,0.0,top,R9,RC0603FR-075K1L,,R_0603_1608Metric,5.1k,smt
101.978283,113.246146,0.0,top,SW1,EVP-BB1AAB000,,EVPBB2A9B000,EVP-BB1AAB000,smt
227.974321,113.58193,0.0,top,SW2,EVP-BB1AAB000,,EVPBB2A9B000,EVP-BB1AAB000,smt
115.538395,112.680002,180.0,top,SW3, PCM12SMTBR,,SW_SPDT_PCM12,SW_SPDT,smt
214.431705,112.688468,180.0,top,SW4, PCM12SMTBR,,SW_SPDT_PCM12,SW_SPDT,smt
137.078403,109.598666,180.0,top,U1,ISP1807-LR-RS,,ISP1807-LR-RS,ISP1807-LR-RS,smt
281.324879,68.949778,-120.0,bottom,U10,,,SK8707-01-0C Sensor,~,smt
192.891701,109.454964,180.0,top,U2,ISP1807-LR-RS,,ISP1807-LR-RS,ISP1807-LR-RS,smt
136.578954,82.571586,180.0,top,U3, MAX17048G+T10,,TDFN-8-1EP_2x2mm_P0.5mm_EP0.8x1.2mm,MAX17048,smt
139.814961,76.601917,-90.0,top,U4,,,UDFN-6_1.2x1.0mm_P0.4mm,ESDR0502NMUTAG,tht
136.614409,96.299228,0.0,top,U5,nPM1100-QDAA-R,,QFN-24-1EP_4x4mm_P0.5mm_EP2.6x2.6mm_ThermalVias,nPM1100-QDXX,smt
192.394874,82.549788,0.0,top,U6, MAX17048G+T10,,TDFN-8-1EP_2x2mm_P0.5mm_EP0.8x1.2mm,MAX17048,smt
190.154116,76.601926,-90.0,top,U7,,,UDFN-6_1.2x1.0mm_P0.4mm,ESDR0502NMUTAG,tht
192.341999,96.218463,0.0,top,U8,nPM1100-QDAA-R,,QFN-24-1EP_4x4mm_P0.5mm_EP2.6x2.6mm_ThermalVias,nPM1100-QDXX,smt
230.471709,49.588473,-90.0,bottom,U9,,,SK8707-01,~,smt
