﻿Designator,Quantity,Value,Footprint,Package,MPN,DNP,Mount_Type,Description,Mouser Part Number,Sim.Pin,Sim.Device,Sim.Pins,Description_1,Height,Manufacturer_Name,Mouser Price/Stock,Arrow Part Number,Arrow Price/Stock,Manufacturer Part,LCSC
C1,1,10nF,C_0603_1608Metric,,,,smt,"Unpolarized capacitor, small symbol",810-C1608X5R1H103KAA,,,,,,,,,,,
"C2, C3, C4, C6",4,10uF,C_0603_1608Metric,,,,smt,"Capacitor, X5R, 25 V, ±20%",810-C1608X5R0J106K,,,,,,,,,,,
C5,1,2.2uF,C_0603_1608Metric,,,,smt,"Capacitor, X5R, 25 V, ±20%",810-C1608X5R1E225M,,,,,,,,,,,
"C7, C8",2,1uF,C_0603_1608Metric,,,,smt,"Capacitor, X5R, 25 V, ±20%",810-CGA3E2X5R1A105MA ,,,,,,,,,,,
"D1, D18, D2, D3, D4, LED1, LED10, LED11, LED12, LED2, LED3, LED4, LED5, LED6, LED7, LED8, LED9",17,LED_Small,LED_0603_1608Metric,,,,smt,"Light emitting diode, small symbol",,1=K 2=A,,,,,,,,,,
"D10, D11, D12, D13, D14, D15, D16, D17, D6, D7, D8, D9",12,D_Small,D_SOD-523,,,,smt,"Diode, small symbol",,,D,1=K 2=A,,,,,,,,
IC1,1,MCP1700T-3302E_MAY,SON65P200X200X90-7N,,MCP1700T-3302E/MAY,,smt,LDO Regulator Pos 3.3V 0.25A Automotive 6-Pin DFN EP T/R,579-MCP1700T3302EMAY,,,,LDO Regulator Pos 3.3V 0.25A Automotive 6-Pin DFN EP T/R,0.9,Microchip,https://www.mouser.co.uk/ProductDetail/Microchip-Technology/MCP1700T-3302E-MAY?qs=98WN%2FnWUQiT%252B8kkJEG8McA%3D%3D,MCP1700T-3302E/MAY,https://www.arrow.com/en/products/mcp1700t-3302emay/microchip-technology?utm_currency=USD&region=nac,,
J1,1,Conn_02x03_Odd_Even,PinHeader_2x03_P1.00mm_Vertical,,,,tht,"Generic connector, double row, 02x03, odd/even pin numbering scheme (row 1 odd numbers, row 2 even numbers), script generated (kicad-library-utils/schlib/autogen/connector/)",,,,,,,,,,,,
J2,1,USB_C_Receptacle_USB2.0_14P,USB_C_Receptacle_HRO_TYPE-C-31-M-12,,,,smt,USB 2.0-only 14P Type-C Receptacle connector,,,,,,,,,,,,
"KHS1, KHS10, KHS11, KHS12, KHS2, KHS3, KHS4, KHS5, KHS6, KHS7, KHS8, KHS9",12,KHS,CPG1316S01D02_front_mikefives,,,,smt,"Push button switch, normally open, two pins, 45° tilted",,,,,,,,,,,,
L1,1,2.2uH,L_0805_2012Metric,,,,smt,"Inductor, small symbol",,,,,,,,,,,,
Q1,1,AO3400A,SOT-23,,,,smt,"30V Vds, 5.7A Id, N-Channel MOSFET, SOT-23",,,,,,,,,,,,
"R1, R11, R2, R3, R6",5,1.5k,R_0603_1608Metric,,RC0603FR-071K5L,,smt,"Resistor, small symbol",603-RC0603FR-071K5L ,,,,,,YAGEO,,,,,
"R10, R12, R4, R5, R9",5,5.1k,R_0603_1608Metric,,603-RC0603FR-075K1L,,smt,"Resistor, small symbol",603-RC0603FR-075K1L ,,,,,,YAGEO,,,,,
SW1,1,EVP-BB1AAB000,EVPBB2A9B000,,EVP-BB1AAB000,,smt,Tactile Switches 2.6x1.6x0.5mm 1N 0.08mm Travel,667-EVP-BB1AAB000,,,,Tactile Switches 2.6x1.6x0.5mm 1N 0.08mm Travel,0,Panasonic,https://www.mouser.co.uk/ProductDetail/Panasonic/EVP-BB1AAB000?qs=f9yNj16SXrKiqfR0eFFobA%3D%3D,,,,
SW2,1,SW_SPDT,SW_SPDT_PCM12,,PCM12SMTBR,,smt,"Switch, single pole double throw",611-PCM12SMTBR ,,,,,,C&K,,,,,
"TP3, TP4, TP5, TP6, TP7, TP8, TP9",7,TestPoint_Probe,TestPoint_Pad_D1.0mm,,,,tht,test point (alternative probe-style design),,,,,,,,,,,,
U1,1,ESDR0502NMUTAG,UDFN-6_1.2x1.0mm_P0.4mm,,,,tht,,,,,,,,,,,,ESDR0502NMUTBG,C327480
U2,1,nPM1100-QDXX,QFN-24-1EP_4x4mm_P0.5mm_EP2.6x2.6mm_ThermalVias,,NPM1100-QDAA-R,,smt,"PMIC and Battery Charger, QFN-24",949-NPM1100-QDAA-R,,,,,,Nordic Semiconductor,,,,,
U3,1,ISP1807-LR-RS,ISP1807-LR-RS,,ISP1807-LR-RS ,,smt,,359-ISP1807-LR-RS,,,,,,Insight SiP,,,,,
