﻿pos_x,pos_y,rotation,side,designator,mpn,pack,footprint,value,mount_type
53.76,-35.52,0.0,top,C1,,,C_0603_1608Metric,10nF,smt
102.469999,-33.710003,-90.0,top,C2,,,C_0603_1608Metric,10uF,smt
98.71,-36.770002,0.0,top,C3,,,C_0603_1608Metric,10uF,smt
93.369999,-34.330004,90.0,top,C4,,,C_0603_1608Metric,10uF,smt
94.910002,-35.445,-90.0,top,C5,,,C_0603_1608Metric,2.2uF,smt
77.609998,-35.700004,-90.0,top,C6,,,C_0603_1608Metric,10uF,smt
82.87,-35.87,-90.0,top,C7,,,C_0603_1608Metric,1uF,smt
93.369999,-31.29,90.0,top,C8,,,C_0603_1608Metric,1uF,smt
82.75,-29.71,0.0,top,D1,,,LED_0603_1608Metric,LED_Small,smt
78.48,-59.92,-90.0,top,D10,,,D_SOD-523,D_Small,smt
78.48,-76.42,-90.0,top,D11,,,D_SOD-523,D_Small,smt
94.98,-43.42,-90.0,top,D12,,,D_SOD-523,D_Small,smt
94.98,-59.92,-90.0,top,D13,,,D_SOD-523,D_Small,smt
94.98,-76.42,-90.0,top,D14,,,D_SOD-523,D_Small,smt
111.48,-43.42,-90.0,top,D15,,,D_SOD-523,D_Small,smt
111.48,-59.92,-90.0,top,D16,,,D_SOD-523,D_Small,smt
111.48,-76.42,-90.0,top,D17,,,D_SOD-523,D_Small,smt
78.965,-29.715,0.0,top,D18,,,LED_0603_1608Metric,LED_Small,smt
86.535,-29.695,0.0,top,D2,,,LED_0603_1608Metric,LED_Small,smt
99.28,-28.11,0.0,top,D3,,,LED_0603_1608Metric,LED_Small,smt
99.28,-29.730001,0.0,top,D4,,,LED_0603_1608Metric,LED_Small,smt
61.98,-43.42,-90.0,top,D6,,,D_SOD-523,D_Small,smt
61.98,-59.92,-90.0,top,D7,,,D_SOD-523,D_Small,smt
61.98,-76.42,-90.0,top,D8,,,D_SOD-523,D_Small,smt
78.48,-43.42,-90.0,top,D9,,,D_SOD-523,D_Small,smt
64.69,-28.3,0.0,top,FID1,,,Fiducial_0.5mm_Mask1mm,Fiducial,smt
56.53,-84.63,0.0,top,FID2,,,Fiducial_0.5mm_Mask1mm,Fiducial,smt
111.77,-84.57,0.0,top,FID3,,,Fiducial_0.5mm_Mask1mm,Fiducial,smt
60.62,-70.44,180.0,bottom,H1,,,SMTSO_M2_C4_2+C2.7_1.5,MountingHole,smt
110.12,-53.94,180.0,bottom,H2,,,SMTSO_M2_C4_2+C2.7_1.5,MountingHole,smt
60.62,-53.94,180.0,bottom,H3,,,SMTSO_M2_C4_2+C2.7_1.5,MountingHole,smt
110.12,-70.44,180.0,bottom,H4,,,SMTSO_M2_C4_2+C2.7_1.5,MountingHole,smt
80.09,-35.83,180.0,top,IC1,MCP1700T-3302E/MAY,,SON65P200X200X90-7N,MCP1700T-3302E_MAY,smt
107.96,-34.089999,0.0,top,J1,,,PinHeader_2x03_P1.00mm_Vertical,Conn_02x03_Odd_Even,tht
57.29,-29.4,180.0,top,J2,,,USB_C_Receptacle_HRO_TYPE-C-31-M-12,USB_C_Receptacle_USB2.0_14P,smt
60.62,-45.94,0.0,top,KHS1,,,CPG1316S01D02_front_mikefives,KHS,smt
110.12,-45.94,0.0,top,KHS10,,,CPG1316S01D02_front_mikefives,KHS,smt
110.12,-62.44,0.0,top,KHS11,,,CPG1316S01D02_front_mikefives,KHS,smt
110.12,-78.94,0.0,top,KHS12,,,CPG1316S01D02_front_mikefives,KHS,smt
60.62,-62.44,0.0,top,KHS2,,,CPG1316S01D02_front_mikefives,KHS,smt
60.62,-78.94,0.0,top,KHS3,,,CPG1316S01D02_front_mikefives,KHS,smt
77.12,-45.94,0.0,top,KHS4,,,CPG1316S01D02_front_mikefives,KHS,smt
77.12,-62.44,0.0,top,KHS5,,,CPG1316S01D02_front_mikefives,KHS,smt
77.12,-78.94,0.0,top,KHS6,,,CPG1316S01D02_front_mikefives,KHS,smt
93.62,-45.94,0.0,top,KHS7,,,CPG1316S01D02_front_mikefives,KHS,smt
93.62,-62.44,0.0,top,KHS8,,,CPG1316S01D02_front_mikefives,KHS,smt
93.62,-78.94,0.0,top,KHS9,,,CPG1316S01D02_front_mikefives,KHS,smt
102.179998,-36.560001,180.0,top,L1,,,L_0805_2012Metric,2.2uH,smt
60.052498,-43.450002,-90.0,top,LED1,,,LED_0603_1608Metric,LED_Small,smt
109.552498,-43.450002,-90.0,top,LED10,,,LED_0603_1608Metric,LED_Small,smt
109.552498,-59.950002,-90.0,top,LED11,,,LED_0603_1608Metric,LED_Small,smt
109.552498,-76.450002,-90.0,top,LED12,,,LED_0603_1608Metric,LED_Small,smt
60.052498,-59.950002,-90.0,top,LED2,,,LED_0603_1608Metric,LED_Small,smt
60.052498,-76.450002,-90.0,top,LED3,,,LED_0603_1608Metric,LED_Small,smt
76.552498,-43.450002,-90.0,top,LED4,,,LED_0603_1608Metric,LED_Small,smt
76.552498,-59.950002,-90.0,top,LED5,,,LED_0603_1608Metric,LED_Small,smt
76.552498,-76.450002,-90.0,top,LED6,,,LED_0603_1608Metric,LED_Small,smt
93.052498,-43.450002,-90.0,top,LED7,,,LED_0603_1608Metric,LED_Small,smt
93.052498,-59.950002,-90.0,top,LED8,,,LED_0603_1608Metric,LED_Small,smt
93.052498,-76.450002,-90.0,top,LED9,,,LED_0603_1608Metric,LED_Small,smt
71.439994,-35.700001,180.0,top,Q1,,,SOT-23,AO3400A,smt
78.945,-31.275,180.0,top,R1,RC0603FR-071K5L,,R_0603_1608Metric,1.5k,smt
74.19,-35.670003,-90.0,top,R10,603-RC0603FR-075K1L,,R_0603_1608Metric,5.1k,smt
68.679997,-35.787498,90.0,top,R11,RC0603FR-071K5L,,R_0603_1608Metric,1.5k,smt
64.81,-34.96,0.0,top,R12,603-RC0603FR-075K1L,,R_0603_1608Metric,5.1k,smt
82.73,-31.275,180.0,top,R2,RC0603FR-071K5L,,R_0603_1608Metric,1.5k,smt
86.515,-31.275,180.0,top,R3,RC0603FR-071K5L,,R_0603_1608Metric,1.5k,smt
64.81,-36.48,0.0,top,R4,603-RC0603FR-075K1L,,R_0603_1608Metric,5.1k,smt
90.809999,-29.689997,180.0,top,R5,603-RC0603FR-075K1L,,R_0603_1608Metric,5.1k,smt
96.039997,-29.76,0.0,top,R6,RC0603FR-071K5L,,R_0603_1608Metric,1.5k,smt
90.81,-31.22,0.0,top,R9,603-RC0603FR-075K1L,,R_0603_1608Metric,5.1k,smt
105.2275,-33.2225,180.0,top,SW1,EVP-BB1AAB000,,EVPBB2A9B000,EVP-BB1AAB000,smt
71.369999,-29.095001,180.0,top,SW2,PCM12SMTBR,,SW_SPDT_PCM12,SW_SPDT,smt
56.58,-36.24,90.0,top,U1,,,UDFN-6_1.2x1.0mm_P0.4mm,ESDR0502NMUTAG,tht
98.46,-33.19,180.0,top,U2,NPM1100-QDAA-R,,QFN-24-1EP_4x4mm_P0.5mm_EP2.6x2.6mm_ThermalVias,nPM1100-QDXX,smt
114.519999,-31.444995,180.0,top,U3,ISP1807-LR-RS ,,ISP1807-LR-RS,ISP1807-LR-RS,smt
