﻿pos_x,pos_y,rotation,side,designator,mpn,pack,footprint,value,mount_type
2.24,52.48,0.0,top,C1,,,C_0603_1608Metric,10nF,smt
50.949999,54.289997,-90.0,top,C2,,,C_0603_1608Metric,10uF,smt
47.19,51.229998,0.0,top,C3,,,C_0603_1608Metric,10uF,smt
41.849999,53.669996,90.0,top,C4,,,C_0603_1608Metric,10uF,smt
43.390002,52.555,-90.0,top,C5,,,C_0603_1608Metric,2.2uF,smt
26.089998,52.299996,-90.0,top,C6,,,C_0603_1608Metric,10uF,smt
31.35,52.13,-90.0,top,C7,,,C_0603_1608Metric,1uF,smt
41.849999,56.71,90.0,top,C8,,,C_0603_1608Metric,1uF,smt
31.23,58.29,0.0,top,D1,,,LED_0603_1608Metric,LED_Small,smt
26.96,28.08,-90.0,top,D10,,,D_SOD-523,D_Small,smt
26.96,11.58,-90.0,top,D11,,,D_SOD-523,D_Small,smt
43.46,44.58,-90.0,top,D12,,,D_SOD-523,D_Small,smt
43.46,28.08,-90.0,top,D13,,,D_SOD-523,D_Small,smt
43.46,11.58,-90.0,top,D14,,,D_SOD-523,D_Small,smt
59.96,44.58,-90.0,top,D15,,,D_SOD-523,D_Small,smt
59.96,28.08,-90.0,top,D16,,,D_SOD-523,D_Small,smt
59.96,11.58,-90.0,top,D17,,,D_SOD-523,D_Small,smt
27.445,58.285,0.0,top,D18,,,LED_0603_1608Metric,LED_Small,smt
35.015,58.305,0.0,top,D2,,,LED_0603_1608Metric,LED_Small,smt
47.76,59.89,0.0,top,D3,,,LED_0603_1608Metric,LED_Small,smt
47.76,58.269999,0.0,top,D4,,,LED_0603_1608Metric,LED_Small,smt
10.46,44.58,-90.0,top,D6,,,D_SOD-523,D_Small,smt
10.46,28.08,-90.0,top,D7,,,D_SOD-523,D_Small,smt
10.46,11.58,-90.0,top,D8,,,D_SOD-523,D_Small,smt
26.96,44.58,-90.0,top,D9,,,D_SOD-523,D_Small,smt
13.17,59.7,0.0,top,FID1,,,Fiducial_0.5mm_Mask1mm,Fiducial,smt
5.01,3.37,0.0,top,FID2,,,Fiducial_0.5mm_Mask1mm,Fiducial,smt
60.25,3.43,0.0,top,FID3,,,Fiducial_0.5mm_Mask1mm,Fiducial,smt
9.1,17.56,180.0,bottom,H1,,,SMTSO_M2_C4_2+C2.7_1.5,MountingHole,smt
58.6,34.06,180.0,bottom,H2,,,SMTSO_M2_C4_2+C2.7_1.5,MountingHole,smt
9.1,34.06,180.0,bottom,H3,,,SMTSO_M2_C4_2+C2.7_1.5,MountingHole,smt
58.6,17.56,180.0,bottom,H4,,,SMTSO_M2_C4_2+C2.7_1.5,MountingHole,smt
28.57,52.17,180.0,top,IC1,MCP1700T-3302E/MAY,,SON65P200X200X90-7N,MCP1700T-3302E_MAY,smt
56.44,53.910001,0.0,top,J1,,,PinHeader_2x03_P1.00mm_Vertical,Conn_02x03_Odd_Even,tht
5.77,58.6,180.0,top,J2,,,USB_C_Receptacle_HRO_TYPE-C-31-M-12,USB_C_Receptacle_USB2.0_14P,smt
9.1,42.06,0.0,top,KHS1,,,CPG1316S01D02_front_mikefives,KHS,smt
58.6,42.06,0.0,top,KHS10,,,CPG1316S01D02_front_mikefives,KHS,smt
58.6,25.56,0.0,top,KHS11,,,CPG1316S01D02_front_mikefives,KHS,smt
58.6,9.06,0.0,top,KHS12,,,CPG1316S01D02_front_mikefives,KHS,smt
9.1,25.56,0.0,top,KHS2,,,CPG1316S01D02_front_mikefives,KHS,smt
9.1,9.06,0.0,top,KHS3,,,CPG1316S01D02_front_mikefives,KHS,smt
25.6,42.06,0.0,top,KHS4,,,CPG1316S01D02_front_mikefives,KHS,smt
25.6,25.56,0.0,top,KHS5,,,CPG1316S01D02_front_mikefives,KHS,smt
25.6,9.06,0.0,top,KHS6,,,CPG1316S01D02_front_mikefives,KHS,smt
42.1,42.06,0.0,top,KHS7,,,CPG1316S01D02_front_mikefives,KHS,smt
42.1,25.56,0.0,top,KHS8,,,CPG1316S01D02_front_mikefives,KHS,smt
42.1,9.06,0.0,top,KHS9,,,CPG1316S01D02_front_mikefives,KHS,smt
50.659998,51.439999,180.0,top,L1,,,L_0805_2012Metric,2.2uH,smt
8.532498,44.549998,-90.0,top,LED1,,,LED_0603_1608Metric,LED_Small,smt
58.032498,44.549998,-90.0,top,LED10,,,LED_0603_1608Metric,LED_Small,smt
58.032498,28.049998,-90.0,top,LED11,,,LED_0603_1608Metric,LED_Small,smt
58.032498,11.549998,-90.0,top,LED12,,,LED_0603_1608Metric,LED_Small,smt
8.532498,28.049998,-90.0,top,LED2,,,LED_0603_1608Metric,LED_Small,smt
8.532498,11.549998,-90.0,top,LED3,,,LED_0603_1608Metric,LED_Small,smt
25.032498,44.549998,-90.0,top,LED4,,,LED_0603_1608Metric,LED_Small,smt
25.032498,28.049998,-90.0,top,LED5,,,LED_0603_1608Metric,LED_Small,smt
25.032498,11.549998,-90.0,top,LED6,,,LED_0603_1608Metric,LED_Small,smt
41.532498,44.549998,-90.0,top,LED7,,,LED_0603_1608Metric,LED_Small,smt
41.532498,28.049998,-90.0,top,LED8,,,LED_0603_1608Metric,LED_Small,smt
41.532498,11.549998,-90.0,top,LED9,,,LED_0603_1608Metric,LED_Small,smt
19.919994,52.299999,180.0,top,Q1,,,SOT-23,AO3400A,smt
27.425,56.725,180.0,top,R1,RC0603FR-071K5L,,R_0603_1608Metric,1.5k,smt
22.67,52.329997,-90.0,top,R10,603-RC0603FR-075K1L,,R_0603_1608Metric,5.1k,smt
17.159997,52.212502,90.0,top,R11,RC0603FR-071K5L,,R_0603_1608Metric,1.5k,smt
13.29,53.04,0.0,top,R12,603-RC0603FR-075K1L,,R_0603_1608Metric,5.1k,smt
31.21,56.725,180.0,top,R2,RC0603FR-071K5L,,R_0603_1608Metric,1.5k,smt
34.995,56.725,180.0,top,R3,RC0603FR-071K5L,,R_0603_1608Metric,1.5k,smt
13.29,51.52,0.0,top,R4,603-RC0603FR-075K1L,,R_0603_1608Metric,5.1k,smt
39.289999,58.310003,180.0,top,R5,603-RC0603FR-075K1L,,R_0603_1608Metric,5.1k,smt
44.519997,58.24,0.0,top,R6,RC0603FR-071K5L,,R_0603_1608Metric,1.5k,smt
39.29,56.78,0.0,top,R9,603-RC0603FR-075K1L,,R_0603_1608Metric,5.1k,smt
53.7075,54.7775,180.0,top,SW1,EVP-BB1AAB000,,EVPBB2A9B000,EVP-BB1AAB000,smt
19.849999,58.904999,180.0,top,SW2,PCM12SMTBR,,SW_SPDT_PCM12,SW_SPDT,smt
5.06,51.76,90.0,top,U1,,,UDFN-6_1.2x1.0mm_P0.4mm,ESDR0502NMUTAG,tht
46.94,54.81,180.0,top,U2,NPM1100-QDAA-R,,QFN-24-1EP_4x4mm_P0.5mm_EP2.6x2.6mm_ThermalVias,nPM1100-QDXX,smt
62.999999,56.555005,180.0,top,U3,ISP1807-LR-RS ,,ISP1807-LR-RS,ISP1807-LR-RS,smt
