﻿pos_x,pos_y,rotation,side,designator,mpn,pack,footprint,value,mount_type
137.34498,64.041917,180.0,top,C1,C1608X5R1H103K080AA,,C_0603_1608Metric,10nF,smt
134.156849,85.712778,-90.0,top,C10,CC0603KRX7R5BB105,,C_0603_1608Metric,1uF,smt
192.6241,64.04192,0.0,top,C11,C1608X5R1H103K080AA,,C_0603_1608Metric,10nF,smt
189.954885,81.774775,90.0,top,C12,CC0603KRX7R5BB105,,C_0603_1608Metric,0.1uF,smt
196.484108,72.691924,0.0,top,C13,CC0603KRX7R5BB105,,C_0603_1608Metric,1uF,smt
211.501716,109.438472,180.0,top,C14,CC0603KRX7R5BB105,,C_0603_1608Metric,1uF,smt
195.771987,98.048477,90.0,top,C15,C1608X5R1E225M080AB,,C_0603_1608Metric,2.2uF,smt
189.091993,99.838479,180.0,top,C16,C1608X5R0J106K080AB,,C_0603_1608Metric,10uF,smt
192.091992,99.838484,0.0,top,C17,C1608X5R0J106K080AB,,C_0603_1608Metric,10uF,smt
197.311987,97.273471,-90.0,top,C18,C1608X5R0J106K080AB,,C_0603_1608Metric,10uF,smt
189.876997,85.690982,90.0,top,C19,CC0603KRX7R5BB105,,C_0603_1608Metric,1uF,smt
139.018961,81.796595,90.0,top,C2,CC0603KRX7R5BB105,,C_0603_1608Metric,0.1uF,smt
194.806992,85.690958,90.0,top,C20,CC0603KRX7R5BB105,,C_0603_1608Metric,1uF,smt
133.484983,72.691923,180.0,top,C3,CC0603KRX7R5BB105,,C_0603_1608Metric,1uF,smt
112.467969,109.089999,180.0,top,C4,CC0603KRX7R5BB105,,C_0603_1608Metric,1uF,smt
140.044384,98.12924,90.0,top,C5,C1608X5R1E225M080AB,,C_0603_1608Metric,2.2uF,smt
133.364405,99.919243,180.0,top,C6,C1608X5R0J106K080AB,,C_0603_1608Metric,10uF,smt
136.364401,99.919253,0.0,top,C7,C1608X5R0J106K080AB,,C_0603_1608Metric,10uF,smt
141.584396,97.354237,-90.0,top,C8,C1608X5R0J106K080AB,,C_0603_1608Metric,10uF,smt
139.096866,85.712772,-90.0,top,C9,CC0603KRX7R5BB105,,C_0603_1608Metric,1uF,smt
109.299906,44.069329,-115.0,top,D1,,,D_SOD-523,D_Small,smt
70.722748,103.800305,-85.0,top,D10,,,D_SOD-523,D_Small,smt
72.200449,86.904414,-85.0,top,D11,,,D_SOD-523,D_Small,smt
73.678173,70.008525,-85.0,top,D12,,,D_SOD-523,D_Small,smt
48.950332,95.120997,-80.0,top,D13,,,D_SOD-523,D_Small,smt
51.894999,78.418154,-80.0,top,D14,,,D_SOD-523,D_Small,smt
54.829004,61.729628,-80.0,top,D15,,,D_SOD-523,D_Small,smt
24.132093,68.126449,-60.0,top,D16,,,D_SOD-523,D_Small,smt
32.611866,53.43805,-60.0,top,D17,,,D_SOD-523,D_Small,smt
41.091625,38.74969,-60.0,top,D18,,,D_SOD-523,D_Small,smt
14.412575,48.31117,-60.0,top,D19,,,D_SOD-523,D_Small,smt
126.319515,36.113646,-120.0,top,D2,,,D_SOD-523,D_Small,smt
22.892336,33.622805,-60.0,top,D20,,,D_SOD-523,D_Small,smt
137.285117,92.106318,-90.0,top,D21,IN-PIS63BTPR,,LED_0603_1608Metric,LED_Small,smt
135.43511,92.106306,-90.0,top,D22,IN-PIS63BTPG,,LED_0603_1608Metric,LED_Small,smt
193.012711,92.02554,-90.0,top,D23,IN-PIS63BTPR,,LED_0603_1608Metric,LED_Small,smt
191.162699,92.015543,-90.0,top,D24,IN-PIS63BTPG,,LED_0603_1608Metric,LED_Small,smt
173.545626,16.998898,-55.0,top,D25,,,D_SOD-523,D_Small,smt
188.90191,27.687975,-60.0,top,D26,,,D_SOD-523,D_Small,smt
205.15252,36.962005,-65.0,top,D27,,,D_SOD-523,D_Small,smt
200.355833,100.34588,-90.0,top,D28,,,D_SOD-523,D_Small,smt
200.362308,83.426546,-90.0,top,D29,,,D_SOD-523,D_Small,smt
142.518722,26.652746,-125.0,top,D3,,,D_SOD-523,D_Small,smt
200.355813,66.507257,-90.0,top,D30,,,D_SOD-523,D_Small,smt
219.457407,103.829285,-90.0,top,D31,,,D_SOD-523,D_Small,smt
219.465331,86.848158,-90.0,top,D32,,,D_SOD-523,D_Small,smt
219.451403,69.949001,-90.0,top,D33,,,D_SOD-523,D_Small,smt
242.269828,105.025204,-95.0,top,D34,,,D_SOD-523,D_Small,smt
240.788686,88.170261,-95.0,top,D35,,,D_SOD-523,D_Small,smt
239.31443,71.233384,-95.0,top,D36,,,D_SOD-523,D_Small,smt
264.214399,97.704857,-100.0,top,D37,,,D_SOD-523,D_Small,smt
261.269749,81.002012,-100.0,top,D38,,,D_SOD-523,D_Small,smt
258.325116,64.29919,-100.0,top,D39,,,D_SOD-523,D_Small,smt
112.574265,100.48956,-90.0,top,D4,,,D_SOD-523,D_Small,smt
291.013432,76.050064,-120.0,top,D40,,,D_SOD-523,D_Small,smt
282.533663,61.361689,-120.0,top,D41,,,D_SOD-523,D_Small,smt
274.053902,46.673298,-120.0,top,D42,,,D_SOD-523,D_Small,smt
300.732964,56.234814,-120.0,top,D43,,,D_SOD-523,D_Small,smt
292.253203,41.546442,-120.0,top,D44,,,D_SOD-523,D_Small,smt
67.743545,107.829726,95.0,top,D45,IN-PIS63BTPR,,LED_0603_1608Metric,LED_Small,smt
90.306566,109.801791,95.0,top,D46,IN-PIS63BTPG,,LED_0603_1608Metric,LED_Small,smt
262.259957,107.68116,85.0,top,D48,IN-PIS63BTPR,,LED_0603_1608Metric,LED_Small,smt
239.663548,109.658097,85.0,top,D49,IN-PIS63BTPG,,LED_0603_1608Metric,LED_Small,smt
112.585244,83.511259,-90.0,top,D5,,,D_SOD-523,D_Small,smt
112.573263,66.569737,-90.0,top,D6,,,D_SOD-523,D_Small,smt
93.478662,103.932275,-90.0,top,D7,,,D_SOD-523,D_Small,smt
93.478178,86.97185,-90.0,top,D8,,,D_SOD-523,D_Small,smt
93.477666,70.011447,-90.0,top,D9,,,D_SOD-523,D_Small,smt
2.499999,2.5,0.0,top,FID1,,,Fiducial_0.5mm_Mask1mm,Fiducial,smt
327.426889,120.297657,0.0,top,FID2,,,Fiducial_0.5mm_Mask1mm,Fiducial,smt
2.499999,2.5,180.0,bottom,FID3,,,Fiducial_0.5mm_Mask1mm,Fiducial,smt
327.426889,120.297657,180.0,bottom,FID4,,,Fiducial_0.5mm_Mask1mm,Fiducial,smt
117.012152,40.448228,-25.0,top,H1,,,SwitchHoles_Kailh_Choc_V1V2,SwitchHoles,smt
79.212305,104.52046,5.0,top,H10,,,SwitchHoles_Kailh_Choc_V1V2,SwitchHoles,smt
80.689991,87.624564,5.0,top,H11,,,SwitchHoles_Kailh_Choc_V1V2,SwitchHoles,smt
82.167708,70.728669,5.0,top,H12,,,SwitchHoles_Kailh_Choc_V1V2,SwitchHoles,smt
57.344801,96.57832,10.0,top,H13,,,SwitchHoles_Kailh_Choc_V1V2,SwitchHoles,smt
60.289477,79.875475,10.0,top,H14,,,SwitchHoles_Kailh_Choc_V1V2,SwitchHoles,smt
63.223474,63.186958,10.0,top,H15,,,SwitchHoles_Kailh_Choc_V1V2,SwitchHoles,smt
31.521878,72.366968,30.0,top,H16,,,SwitchHoles_Kailh_Choc_V1V2,SwitchHoles,smt
40.001663,57.678558,30.0,top,H17,,,SwitchHoles_Kailh_Choc_V1V2,SwitchHoles,smt
48.481424,42.990194,30.0,top,H18,,,SwitchHoles_Kailh_Choc_V1V2,SwitchHoles,smt
21.80237,52.551699,30.0,top,H19,,,SwitchHoles_Kailh_Choc_V1V2,SwitchHoles,smt
133.686813,31.834163,-30.0,top,H2,,,SwitchHoles_Kailh_Choc_V1V2,SwitchHoles,smt
30.282125,37.863321,30.0,top,H20,,,SwitchHoles_Kailh_Choc_V1V2,SwitchHoles,smt
180.537727,21.86734,35.0,top,H21,,,SwitchHoles_Kailh_Choc_V1V2,SwitchHoles,smt
196.291709,31.928469,30.0,top,H22,,,SwitchHoles_Kailh_Choc_V1V2,SwitchHoles,smt
212.883772,40.54232,25.0,top,H23,,,SwitchHoles_Kailh_Choc_V1V2,SwitchHoles,smt
208.875831,100.323364,0.0,top,H24,,,SwitchHoles_Kailh_Choc_V1V2,SwitchHoles,smt
208.882318,83.404046,0.0,top,H25,,,SwitchHoles_Kailh_Choc_V1V2,SwitchHoles,smt
208.875822,66.484745,0.0,top,H26,,,SwitchHoles_Kailh_Choc_V1V2,SwitchHoles,smt
227.977415,103.806782,0.0,top,H27,,,SwitchHoles_Kailh_Choc_V1V2,SwitchHoles,smt
227.985326,86.825655,0.0,top,H28,,,SwitchHoles_Kailh_Choc_V1V2,SwitchHoles,smt
227.971425,69.926498,0.0,top,H29,,,SwitchHoles_Kailh_Choc_V1V2,SwitchHoles,smt
149.484975,21.747436,-35.0,top,H3,,,SwitchHoles_Kailh_Choc_V1V2,SwitchHoles,smt
250.755448,104.26021,-5.0,top,H30,,,SwitchHoles_Kailh_Choc_V1V2,SwitchHoles,smt
249.274309,87.405264,-5.0,top,H31,,,SwitchHoles_Kailh_Choc_V1V2,SwitchHoles,smt
247.800066,70.468397,-5.0,top,H32,,,SwitchHoles_Kailh_Choc_V1V2,SwitchHoles,smt
272.601044,96.203199,-10.0,top,H33,,,SwitchHoles_Kailh_Choc_V1V2,SwitchHoles,smt
269.656429,79.500366,-10.0,top,H34,,,SwitchHoles_Kailh_Choc_V1V2,SwitchHoles,smt
266.71178,62.797554,-10.0,top,H35,,,SwitchHoles_Kailh_Choc_V1V2,SwitchHoles,smt
298.380726,71.77058,-30.0,top,H36,,,SwitchHoles_Kailh_Choc_V1V2,SwitchHoles,smt
289.900966,57.082192,-30.0,top,H37,,,SwitchHoles_Kailh_Choc_V1V2,SwitchHoles,smt
281.421182,42.393829,-30.0,top,H38,,,SwitchHoles_Kailh_Choc_V1V2,SwitchHoles,smt
308.100251,51.955312,-30.0,top,H39,,,SwitchHoles_Kailh_Choc_V1V2,SwitchHoles,smt
121.094269,100.467053,0.0,top,H4,,,SwitchHoles_Kailh_Choc_V1V2,SwitchHoles,smt
299.620508,37.26695,-30.0,top,H40,,,SwitchHoles_Kailh_Choc_V1V2,SwitchHoles,smt
173.237793,10.445834,-55.0,top,H43,,,mouse-bite-3mm-6mm,MouseBite,tht
145.547026,109.797655,-90.0,top,H44,,,mouse-bite-3mm-6mm,MouseBite,tht
184.422047,47.973883,-90.0,top,H45,,,mouse-bite-3mm-6mm,MouseBite,tht
156.731274,10.445829,-125.0,top,H46,,,mouse-bite-3mm-6mm,MouseBite,tht
184.422041,109.797655,-90.0,top,H47,,,mouse-bite-3mm-6mm,MouseBite,tht
145.547034,47.973885,-90.0,top,H48,,,mouse-bite-3mm-6mm,MouseBite,tht
313.523073,36.305016,-120.0,top,H49,,,mouse-bite-3mm-6mm,MouseBite,tht
121.105244,83.488758,0.0,top,H5,,,SwitchHoles_Kailh_Choc_V1V2,SwitchHoles,smt
16.448141,36.302708,-60.0,top,H50,,,mouse-bite-3mm-6mm,MouseBite,tht
121.093266,66.547239,0.0,top,H6,,,SwitchHoles_Kailh_Choc_V1V2,SwitchHoles,smt
164.850214,62.905946,180.0,bottom,H64,,,Salt,Art,smt
204.885823,116.288464,0.0,top,H65,,,mouse-bite-3mm-6mm,MouseBite,tht
164.872291,62.905946,0.0,top,H66,,,Salt,Art,smt
125.115785,116.297658,0.0,top,H67,,,mouse-bite-3mm-6mm,MouseBite,tht
101.998669,103.90976,0.0,top,H7,,,SwitchHoles_Kailh_Choc_V1V2,SwitchHoles,smt
101.998177,86.94935,0.0,top,H8,,,SwitchHoles_Kailh_Choc_V1V2,SwitchHoles,smt
101.997667,69.988954,0.0,top,H9,,,SwitchHoles_Kailh_Choc_V1V2,SwitchHoles,smt
136.626847,85.672779,180.0,top,IC1,MCP1700T-3302E/MAY,,SON65P200X200X90-7N,MCP1700T-3302E_MAY,smt
192.346991,85.650983,0.0,top,IC2,MCP1700T-3302E/MAY,,SON65P200X200X90-7N,MCP1700T-3302E_MAY,smt
141.13499,70.17192,90.0,top,J1,,,USB_C_Receptacle_HRO_TYPE-C-31-M-12,USB_C_Receptacle_USB2.0_16P,smt
188.834097,70.171918,-90.0,top,J2,,,USB_C_Receptacle_HRO_TYPE-C-31-M-12,USB_C_Receptacle_USB2.0_16P,smt
139.284409,58.589228,-90.0,top,J3,,,PinHeader_2x03_P2.00mm_Vertical,Conn_02x03_Odd_Even,tht
190.624102,56.850775,90.0,top,J4,,,PinHeader_2x03_P2.00mm_Vertical,Conn_02x03_Odd_Even,tht
134.867612,50.027876,90.0,bottom,J5,,,JST_PH_S2B-PH-SM4-TB_1x02-1MP_P2.00mm_Horizontal,Conn_01x02,smt
195.101475,50.027874,-90.0,bottom,J6,,,JST_PH_S2B-PH-SM4-TB_1x02-1MP_P2.00mm_Horizontal,Conn_01x02,smt
112.670276,37.052531,-25.0,top,KHS1,,,Kailh_HS_Socket,KHS,smt
77.14998,99.408751,5.0,top,KHS10,,,Kailh_HS_Socket,KHS,smt
78.627656,82.512865,5.0,top,KHS11,,,Kailh_HS_Socket,KHS,smt
80.105386,65.616975,5.0,top,KHS12,,,Kailh_HS_Socket,KHS,smt
55.735829,91.306321,10.0,top,KHS13,,,Kailh_HS_Socket,KHS,smt
58.680505,74.603482,10.0,top,KHS14,,,Kailh_HS_Socket,KHS,smt
61.614507,57.914955,10.0,top,KHS15,,,Kailh_HS_Socket,KHS,smt
31.813066,66.862625,30.0,top,KHS16,,,Kailh_HS_Socket,KHS,smt
40.292846,52.174214,30.0,top,KHS17,,,Kailh_HS_Socket,KHS,smt
48.772621,37.485858,30.0,top,KHS18,,,Kailh_HS_Socket,KHS,smt
22.093555,47.047345,30.0,top,KHS19,,,Kailh_HS_Socket,KHS,smt
129.06549,28.829803,-30.0,top,KHS2,,,Kailh_HS_Socket,KHS,smt
30.573314,32.358972,30.0,top,KHS20,,,Kailh_HS_Socket,KHS,smt
181.307519,16.409314,35.0,top,KHS21,,,Kailh_HS_Socket,KHS,smt
196.582899,26.424135,30.0,top,KHS22,,,Kailh_HS_Socket,KHS,smt
212.694117,35.033544,25.0,top,KHS23,,,Kailh_HS_Socket,KHS,smt
206.375853,95.410867,0.0,top,KHS24,,,Kailh_HS_Socket,KHS,smt
206.382316,78.491539,0.0,top,KHS25,,,Kailh_HS_Socket,KHS,smt
206.375824,61.572262,0.0,top,KHS26,,,Kailh_HS_Socket,KHS,smt
225.477403,98.894267,0.0,top,KHS27,,,Kailh_HS_Socket,KHS,smt
225.485324,81.913141,0.0,top,KHS28,,,Kailh_HS_Socket,KHS,smt
225.471411,65.013999,0.0,top,KHS29,,,Kailh_HS_Socket,KHS,smt
144.619406,19.157293,-35.0,top,KHS3,,,Kailh_HS_Socket,KHS,smt
247.836803,99.584296,-5.0,top,KHS30,,,Kailh_HS_Socket,KHS,smt
246.355666,82.729346,-5.0,top,KHS31,,,Kailh_HS_Socket,KHS,smt
244.881408,65.792493,-5.0,top,KHS32,,,Kailh_HS_Socket,KHS,smt
269.285991,91.799449,-10.0,top,KHS33,,,Kailh_HS_Socket,KHS,smt
266.341367,75.096625,-10.0,top,KHS34,,,Kailh_HS_Socket,KHS,smt
263.396704,58.393805,-10.0,top,KHS35,,,Kailh_HS_Socket,KHS,smt
293.759406,68.766233,-30.0,top,KHS36,,,Kailh_HS_Socket,KHS,smt
285.279655,54.077835,-30.0,top,KHS37,,,Kailh_HS_Socket,KHS,smt
276.799889,39.389459,-30.0,top,KHS38,,,Kailh_HS_Socket,KHS,smt
303.478941,48.950966,-30.0,top,KHS39,,,Kailh_HS_Socket,KHS,smt
118.594263,95.554552,0.0,top,KHS4,,,Kailh_HS_Socket,KHS,smt
294.999183,34.262591,-30.0,top,KHS40,,,Kailh_HS_Socket,KHS,smt
118.605239,78.576256,0.0,top,KHS5,,,Kailh_HS_Socket,KHS,smt
118.593256,61.634737,0.0,top,KHS6,,,Kailh_HS_Socket,KHS,smt
99.498672,98.997264,0.0,top,KHS7,,,Kailh_HS_Socket,KHS,smt
99.498169,82.036836,0.0,top,KHS8,,,Kailh_HS_Socket,KHS,smt
99.497679,65.076447,0.0,top,KHS9,,,Kailh_HS_Socket,KHS,smt
135.294388,101.569238,0.0,top,L1,MLZ2012A2R2WT000,,L_0805_2012Metric,2.2uH,smt
191.021984,101.488475,0.0,top,L2,MLZ2012A2R2WT000,,L_0805_2012Metric,2.2uH,smt
119.305078,45.127653,-25.0,top,LED1,,,LED_0603_1608Metric,LED_Small,smt
78.858329,109.719428,5.0,top,LED10,,,LED_0603_1608Metric,LED_Small,smt
80.336006,92.823532,5.0,top,LED11,,,LED_0603_1608Metric,LED_Small,smt
81.813742,75.927634,5.0,top,LED12,,,LED_0603_1608Metric,LED_Small,smt
56.539057,101.726638,10.0,top,LED13,,,LED_0603_1608Metric,LED_Small,smt
59.483725,85.023804,10.0,top,LED14,,,LED_0603_1608Metric,LED_Small,smt
62.417722,68.335271,10.0,top,LED15,,,LED_0603_1608Metric,LED_Small,smt
29.003891,76.929239,30.0,top,LED16,,,LED_0603_1608Metric,LED_Small,smt
37.483665,62.240827,30.0,top,LED17,,,LED_0603_1608Metric,LED_Small,smt
45.963438,47.552465,30.0,top,LED18,,,LED_0603_1608Metric,LED_Small,smt
19.284353,57.113953,30.0,top,LED19,,,LED_0603_1608Metric,LED_Small,smt
136.378849,36.295934,-30.0,top,LED2,,,LED_0603_1608Metric,LED_Small,smt
27.764137,42.425583,30.0,top,LED20,,,LED_0603_1608Metric,LED_Small,smt
177.631672,26.19279,35.0,top,LED21,,,LED_0603_1608Metric,LED_Small,smt
193.773716,36.490749,30.0,top,LED22,,,LED_0603_1608Metric,LED_Small,smt
210.772986,45.306677,25.0,top,LED23,,,LED_0603_1608Metric,LED_Small,smt
208.976323,105.533395,0.0,top,LED24,,,LED_0603_1608Metric,LED_Small,smt
208.98281,88.614061,0.0,top,LED25,,,LED_0603_1608Metric,LED_Small,smt
208.97629,71.694788,0.0,top,LED26,,,LED_0603_1608Metric,LED_Small,smt
228.077895,109.016811,0.0,top,LED27,,,LED_0603_1608Metric,LED_Small,smt
228.085814,92.035687,0.0,top,LED28,,,LED_0603_1608Metric,LED_Small,smt
228.071901,75.136528,0.0,top,LED29,,,LED_0603_1608Metric,LED_Small,smt
152.555652,25.957607,-35.0,top,LED3,,,LED_0603_1608Metric,LED_Small,smt
251.309643,109.441665,-5.0,top,LED30,,,LED_0603_1608Metric,LED_Small,smt
249.828487,92.586712,-5.0,top,LED31,,,LED_0603_1608Metric,LED_Small,smt
248.354239,75.649843,-5.0,top,LED32,,,LED_0603_1608Metric,LED_Small,smt
273.604719,101.316626,-10.0,top,LED33,,,LED_0603_1608Metric,LED_Small,smt
270.660085,84.613802,-10.0,top,LED34,,,LED_0603_1608Metric,LED_Small,smt
267.715445,67.91099,-10.0,top,LED35,,,LED_0603_1608Metric,LED_Small,smt
301.072757,76.232337,-30.0,top,LED36,,,LED_0603_1608Metric,LED_Small,smt
292.592999,61.543984,-30.0,top,LED37,,,LED_0603_1608Metric,LED_Small,smt
284.113221,46.855576,-30.0,top,LED38,,,LED_0603_1608Metric,LED_Small,smt
310.792296,56.4171,-30.0,top,LED39,,,LED_0603_1608Metric,LED_Small,smt
121.194758,105.67709,0.0,top,LED4,,,LED_0603_1608Metric,LED_Small,smt
302.312543,41.728723,-30.0,top,LED40,,,LED_0603_1608Metric,LED_Small,smt
121.20572,88.69879,0.0,top,LED5,,,LED_0603_1608Metric,LED_Small,smt
121.193754,71.757271,0.0,top,LED6,,,LED_0603_1608Metric,LED_Small,smt
102.099152,109.119797,0.0,top,LED7,,,LED_0603_1608Metric,LED_Small,smt
102.098667,92.159377,0.0,top,LED8,,,LED_0603_1608Metric,LED_Small,smt
102.098148,75.198981,0.0,top,LED9,,,LED_0603_1608Metric,LED_Small,smt
126.409512,53.164388,180.0,top,Q1,IRLML6344TRPBF ,,SOT-23,AO3400A,smt
203.57058,53.076894,0.0,top,Q2,IRLML6344TRPBF ,,SOT-23,AO3400A,smt
129.21351,53.076878,-90.0,top,R1,603-RC0603FR-075K1L,,R_0603_1608Metric,5.1k,smt
196.511985,92.868469,0.0,top,R10,603-RC0603FR-075K1L,,R_0603_1608Metric,5.1k,smt
196.512,91.208474,180.0,top,R11,RC0603FR-071K5L,,R_0603_1608Metric,1.5k,smt
196.512,94.388483,180.0,top,R12,603-RC0603FR-075K1L,,R_0603_1608Metric,5.1k,smt
200.755561,53.076886,90.0,top,R13,603-RC0603FR-075K1L,,R_0603_1608Metric,5.1k,smt
207.13557,53.076893,180.0,top,R14,RC0603FR-071K5L,,R_0603_1608Metric,1.5k,smt
68.010162,104.803333,95.0,top,R15,RC0603FR-071K5L,,R_0603_1608Metric,1.5k,smt
90.579515,106.783234,95.0,top,R16,RC0603FR-071K5L,,R_0603_1608Metric,1.5k,smt
261.97237,104.672108,85.0,top,R18,RC0603FR-071K5L,,R_0603_1608Metric,1.5k,smt
239.402809,106.646676,85.0,top,R19,RC0603FR-071K5L,,R_0603_1608Metric,1.5k,smt
122.844508,53.076879,0.0,top,R2,RC0603FR-071K5L,,R_0603_1608Metric,1.5k,smt
137.285119,89.090302,-90.0,top,R21,RC0603FR-071K5L,,R_0603_1608Metric,1.5k,smt
193.012712,88.995543,-90.0,top,R22,RC0603FR-071K5L,,R_0603_1608Metric,1.5k,smt
135.43511,89.090308,-90.0,top,R23,RC0603FR-071K5L,,R_0603_1608Metric,1.5k,smt
191.162705,88.985546,-90.0,top,R24,RC0603FR-071K5L,,R_0603_1608Metric,1.5k,smt
133.484983,68.421931,180.0,top,R3,603-RC0603FR-075K1L,,R_0603_1608Metric,5.1k,smt
133.48498,71.171919,180.0,top,R4,603-RC0603FR-075K1L,,R_0603_1608Metric,5.1k,smt
140.784394,92.949245,0.0,top,R5,603-RC0603FR-075K1L,,R_0603_1608Metric,5.1k,smt
140.784398,91.289245,180.0,top,R6,RC0603FR-071K5L,,R_0603_1608Metric,1.5k,smt
140.784398,94.469256,180.0,top,R7,603-RC0603FR-075K1L,,R_0603_1608Metric,5.1k,smt
196.484096,71.17194,0.0,top,R8,603-RC0603FR-075K1L,,R_0603_1608Metric,5.1k,smt
196.4841,68.421929,0.0,top,R9,603-RC0603FR-075K1L,,R_0603_1608Metric,5.1k,smt
101.978284,113.246145,0.0,top,SW1,EVP-BB1AAB000,,EVPBB2A9B000,EVP-BB1AAB000,smt
227.974325,113.581929,0.0,top,SW2,EVP-BB1AAB000,,EVPBB2A9B000,EVP-BB1AAB000,smt
115.538396,112.679999,180.0,top,SW3,PCM12SMTBR,,SW_SPDT_PCM12,SW_SPDT,smt
214.431707,112.688466,180.0,top,SW4,PCM12SMTBR,,SW_SPDT_PCM12,SW_SPDT,smt
137.078405,109.598663,180.0,top,U1,ISP1807-LR-RS ,,ISP1807-LR-RS,ISP1807-LR-RS,smt
281.324881,68.949776,-120.0,bottom,U10,,,SK8707-01-0C Sensor,~,smt
192.891703,109.454964,180.0,top,U2,ISP1807-LR-RS ,,ISP1807-LR-RS,ISP1807-LR-RS,smt
136.578957,82.571584,180.0,top,U3,,,TDFN-8-1EP_2x2mm_P0.5mm_EP0.8x1.2mm,MAX17048,smt
139.814964,76.601915,-90.0,top,U4,,,UDFN-6_1.2x1.0mm_P0.4mm,ESDR0502NMUTAG,tht
136.614412,96.299227,0.0,top,U5,NPM1100-QDAA-R,,QFN-24-1EP_4x4mm_P0.5mm_EP2.6x2.6mm_ThermalVias,nPM1100-QDXX,smt
192.394875,82.549786,0.0,top,U6,,,TDFN-8-1EP_2x2mm_P0.5mm_EP0.8x1.2mm,MAX17048,smt
190.154118,76.601924,-90.0,top,U7,,,UDFN-6_1.2x1.0mm_P0.4mm,ESDR0502NMUTAG,tht
192.342001,96.218462,0.0,top,U8,NPM1100-QDAA-R,,QFN-24-1EP_4x4mm_P0.5mm_EP2.6x2.6mm_ThermalVias,nPM1100-QDXX,smt
230.471711,49.588472,-90.0,bottom,U9,,,SK8707-01,~,smt
