﻿pos_x,pos_y,rotation,side,designator,mpn,pack,footprint,value,mount_type
254.53231,49.50991,90.0,top,C1,CC0603KRX7R8BB104,,C_0603_1608Metric,100nF,smt
168.817319,61.659995,-90.0,top,C10,GRM188R61E106KA73J,,C_0603_1608Metric,10uF,smt
160.067323,62.159999,0.0,top,C11,GRM188R61E106KA73J,,C_0603_1608Metric,10uF,smt
160.067323,59.239998,180.0,top,C12,LMK107B7105KA-T,,C_0603_1608Metric,1uF,smt
160.067323,63.619999,180.0,top,C13,EMK107BB7225KA-T,,C_0603_1608Metric,2.2uF,smt
168.817318,64.615,90.0,top,C14,GRM188R61E106KA73J,,C_0603_1608Metric,10uF,smt
142.200005,77.040003,90.0,top,C15,CGA3E2X7R1H103K080AA,,C_0603_1608Metric,10nF,smt
134.260004,73.97,180.0,top,C16,LMK107B7105KA-T,,C_0603_1608Metric,1uF,smt
130.410002,90.070002,180.0,top,C17,LMK107B7105KA-T,,C_0603_1608Metric,1uF,smt
136.950003,94.610002,180.0,top,C18,CC0603KRX7R8BB104,,C_0603_1608Metric,100nF,smt
139.16,91.029999,-90.0,top,C19,GRM188R61E106KA73J,,C_0603_1608Metric,10uF,smt
257.228583,49.50491,90.0,top,C2,CC0603KRX7R8BB104,,C_0603_1608Metric,100nF,smt
130.410003,91.530003,0.0,top,C20,GRM188R61E106KA73J,,C_0603_1608Metric,10uF,smt
130.410004,88.610002,180.0,top,C21,LMK107B7105KA-T,,C_0603_1608Metric,1uF,smt
130.410006,92.990003,180.0,top,C22,EMK107BB7225KA-T,,C_0603_1608Metric,2.2uF,smt
139.159999,93.985004,90.0,top,C23,GRM188R61E106KA73J,,C_0603_1608Metric,10uF,smt
187.79,77.045003,90.0,top,C24,CGA3E2X7R1H103K080AA,,C_0603_1608Metric,10nF,smt
195.640007,73.740001,0.0,top,C25,LMK107B7105KA-T,,C_0603_1608Metric,1uF,smt
188.748287,89.926301,180.0,top,C26,LMK107B7105KA-T,,C_0603_1608Metric,1uF,smt
195.288282,94.466306,180.0,top,C27,CC0603KRX7R8BB104,,C_0603_1608Metric,100nF,smt
197.498287,90.8863,-90.0,top,C28,GRM188R61E106KA73J,,C_0603_1608Metric,10uF,smt
188.748284,91.386303,0.0,top,C29,GRM188R61E106KA73J,,C_0603_1608Metric,10uF,smt
259.924857,49.50991,90.0,top,C3,CC0603KRX7R8BB104,,C_0603_1608Metric,100nF,smt
188.748287,88.466304,180.0,top,C30,LMK107B7105KA-T,,C_0603_1608Metric,1uF,smt
188.748283,92.846303,180.0,top,C31,EMK107BB7225KA-T,,C_0603_1608Metric,2.2uF,smt
197.498282,93.841299,90.0,top,C32,GRM188R61E106KA73J,,C_0603_1608Metric,10uF,smt
262.62113,49.50991,90.0,top,C4,CC0603KRX7R8BB104,,C_0603_1608Metric,100nF,smt
260.083287,40.079905,-90.0,top,C5,CC0603KRX7R8BB104,,C_0603_1608Metric,100nF,smt
158.85,49.755,90.0,top,C6,CGA3E2X7R1H103K080AA,,C_0603_1608Metric,10nF,smt
160.067323,60.699998,180.0,top,C7,LMK107B7105KA-T,,C_0603_1608Metric,1uF,smt
168.253746,51.84677,0.0,top,C8,LMK107B7105KA-T,,C_0603_1608Metric,1uF,smt
166.607322,65.239998,180.0,top,C9,CC0603KRX7R8BB104,,C_0603_1608Metric,100nF,smt
67.743541,107.829729,-85.0,top,D1,IN-S63AT5B,,LED_0603_1608Metric,LED_Blue,smt
112.573263,66.569743,-90.0,top,D10,1N4148WT-7,,D_SOD-523,D_Small,smt
93.478667,103.932279,-90.0,top,D11,1N4148WT-7,,D_SOD-523,D_Small,smt
93.478185,86.971854,-90.0,top,D12,1N4148WT-7,,D_SOD-523,D_Small,smt
93.477663,70.011455,-90.0,top,D13,1N4148WT-7,,D_SOD-523,D_Small,smt
70.722753,103.800309,-85.0,top,D14,1N4148WT-7,,D_SOD-523,D_Small,smt
72.200451,86.904419,-85.0,top,D15,1N4148WT-7,,D_SOD-523,D_Small,smt
73.678174,70.008527,-85.0,top,D16,1N4148WT-7,,D_SOD-523,D_Small,smt
48.950331,95.120999,-80.0,top,D17,1N4148WT-7,,D_SOD-523,D_Small,smt
51.894999,78.418155,-80.0,top,D18,1N4148WT-7,,D_SOD-523,D_Small,smt
54.829006,61.72963,-80.0,top,D19,1N4148WT-7,,D_SOD-523,D_Small,smt
90.306573,109.801792,-85.0,top,D2,IN-S63AT5G,,LED_0603_1608Metric,LED_Green,smt
24.132091,68.126454,-60.0,top,D20,1N4148WT-7,,D_SOD-523,D_Small,smt
32.611866,53.438057,-60.0,top,D21,1N4148WT-7,,D_SOD-523,D_Small,smt
41.091628,38.749692,-60.0,top,D22,1N4148WT-7,,D_SOD-523,D_Small,smt
14.412576,48.311172,-60.0,top,D23,1N4148WT-7,,D_SOD-523,D_Small,smt
22.892341,33.622813,-60.0,top,D24,1N4148WT-7,,D_SOD-523,D_Small,smt
162.747319,56.8,-90.0,top,D25,IN-S63AT5A,,LED_0603_1608Metric,LED_Error,smt
164.207317,56.799999,-90.0,top,D26,IN-S63AT5G,,LED_0603_1608Metric,LED_Green,smt
133.09,86.170004,-90.0,top,D27,IN-S63AT5A,,LED_0603_1608Metric,LED_Error,smt
134.549998,86.170003,-90.0,top,D28,IN-S63AT5G,,LED_0603_1608Metric,LED_Green,smt
175.24,45.981742,180.0,top,D29,IN-S63AT5B,,LED_0603_1608Metric,LED_Blue,smt
262.259957,107.681163,-95.0,top,D3,IN-S63AT5B,,LED_0603_1608Metric,LED_Blue,smt
154.579176,45.981742,0.0,top,D30,IN-S63AT5G,,LED_0603_1608Metric,LED_Green,smt
191.428282,86.0263,-90.0,top,D31,IN-S63AT5A,,LED_0603_1608Metric,LED_Error,smt
192.888288,86.026301,-90.0,top,D32,IN-S63AT5G,,LED_0603_1608Metric,LED_Green,smt
173.545625,16.998899,-55.0,top,D33,1N4148WT-7,,D_SOD-523,D_Small,smt
188.901912,27.687975,-60.0,top,D34,1N4148WT-7,,D_SOD-523,D_Small,smt
205.152523,36.962008,-65.0,top,D35,1N4148WT-7,,D_SOD-523,D_Small,smt
200.355838,100.345883,-90.0,top,D36,1N4148WT-7,,D_SOD-523,D_Small,smt
200.362304,83.426546,-90.0,top,D37,1N4148WT-7,,D_SOD-523,D_Small,smt
200.35582,66.507263,-90.0,top,D38,1N4148WT-7,,D_SOD-523,D_Small,smt
219.457416,103.829289,-90.0,top,D39,1N4148WT-7,,D_SOD-523,D_Small,smt
239.663548,109.658101,-95.0,top,D4,IN-S63AT5G,,LED_0603_1608Metric,LED_Green,smt
219.465331,86.848163,-90.0,top,D40,1N4148WT-7,,D_SOD-523,D_Small,smt
219.451403,69.949008,-90.0,top,D41,1N4148WT-7,,D_SOD-523,D_Small,smt
242.269831,105.025205,-95.0,top,D42,1N4148WT-7,,D_SOD-523,D_Small,smt
240.788686,88.170269,-95.0,top,D43,1N4148WT-7,,D_SOD-523,D_Small,smt
239.314435,71.233386,-95.0,top,D44,1N4148WT-7,,D_SOD-523,D_Small,smt
264.214402,97.704864,-100.0,top,D45,1N4148WT-7,,D_SOD-523,D_Small,smt
261.269753,81.002016,-100.0,top,D46,1N4148WT-7,,D_SOD-523,D_Small,smt
258.325119,64.299194,-100.0,top,D47,1N4148WT-7,,D_SOD-523,D_Small,smt
291.013439,76.050069,-120.0,top,D48,1N4148WT-7,,D_SOD-523,D_Small,smt
282.533666,61.361694,-120.0,top,D49,1N4148WT-7,,D_SOD-523,D_Small,smt
109.299905,44.069333,-115.0,top,D5,1N4148WT-7,,D_SOD-523,D_Small,smt
274.053904,46.6733,-120.0,top,D50,1N4148WT-7,,D_SOD-523,D_Small,smt
300.732963,56.234819,-120.0,top,D51,1N4148WT-7,,D_SOD-523,D_Small,smt
292.253206,41.546443,-120.0,top,D52,1N4148WT-7,,D_SOD-523,D_Small,smt
126.319515,36.113649,-120.0,top,D6,1N4148WT-7,,D_SOD-523,D_Small,smt
142.518725,26.652757,-125.0,top,D7,1N4148WT-7,,D_SOD-523,D_Small,smt
112.574267,100.489569,-90.0,top,D8,1N4148WT-7,,D_SOD-523,D_Small,smt
112.585248,83.511263,-90.0,top,D9,1N4148WT-7,,D_SOD-523,D_Small,smt
2.499999,2.500005,0.0,top,FID1,,,Fiducial_0.5mm_Mask1mm,Fiducial,smt
327.426894,120.297661,0.0,top,FID2,,,Fiducial_0.5mm_Mask1mm,Fiducial,smt
2.499999,2.500005,180.0,bottom,FID3,,,Fiducial_0.5mm_Mask1mm,Fiducial,smt
327.426894,120.297661,180.0,bottom,FID4,,,Fiducial_0.5mm_Mask1mm,Fiducial,smt
313.523078,36.305024,-120.0,top,H10,,,mouse-bite-3mm-6mm,MouseBite,tht
204.885826,116.288467,0.0,top,H11,,,mouse-bite-3mm-6mm,MouseBite,tht
145.547026,109.797662,-90.0,top,H18,,,mouse-bite-3mm-6mm,MouseBite,tht
158.972685,13.6469,-125.0,top,H19,,,mouse-bite-3mm-6mm,MouseBite,tht
145.546948,58.740008,-90.0,top,H20,,,mouse-bite-3mm-6mm,MouseBite,tht
16.448139,36.302711,-60.0,top,H21,,,mouse-bite-3mm-6mm,MouseBite,tht
125.115789,116.297662,0.0,top,H22,,,mouse-bite-3mm-6mm,MouseBite,tht
117.01215,40.448234,-25.0,top,H28,,,SwitchHoles_Kailh_Choc_V1,SwitchHoles,smt
133.686815,31.834168,-30.0,top,H29,,,SwitchHoles_Kailh_Choc_V1,SwitchHoles,smt
149.484977,21.747441,-35.0,top,H30,,,SwitchHoles_Kailh_Choc_V1,SwitchHoles,smt
121.094275,100.467062,0.0,top,H31,,,SwitchHoles_Kailh_Choc_V1,SwitchHoles,smt
121.105246,83.488763,0.0,top,H32,,,SwitchHoles_Kailh_Choc_V1,SwitchHoles,smt
121.093268,66.54724,0.0,top,H33,,,SwitchHoles_Kailh_Choc_V1,SwitchHoles,smt
101.998669,103.909767,0.0,top,H34,,,SwitchHoles_Kailh_Choc_V1,SwitchHoles,smt
101.998177,86.94935,0.0,top,H35,,,SwitchHoles_Kailh_Choc_V1,SwitchHoles,smt
101.997665,69.98896,0.0,top,H36,,,SwitchHoles_Kailh_Choc_V1,SwitchHoles,smt
79.21231,104.520461,5.0,top,H37,,,SwitchHoles_Kailh_Choc_V1,SwitchHoles,smt
80.689988,87.624566,5.0,top,H38,,,SwitchHoles_Kailh_Choc_V1,SwitchHoles,smt
82.167712,70.728672,5.0,top,H39,,,SwitchHoles_Kailh_Choc_V1,SwitchHoles,smt
164.763741,93.869011,180.0,bottom,H4,,,Salt,Art,smt
57.344805,96.578323,10.0,top,H40,,,SwitchHoles_Kailh_Choc_V1,SwitchHoles,smt
60.28948,79.875476,10.0,top,H41,,,SwitchHoles_Kailh_Choc_V1,SwitchHoles,smt
63.223476,63.186968,10.0,top,H42,,,SwitchHoles_Kailh_Choc_V1,SwitchHoles,smt
31.521876,72.366971,30.0,top,H43,,,SwitchHoles_Kailh_Choc_V1,SwitchHoles,smt
40.001661,57.678567,30.0,top,H44,,,SwitchHoles_Kailh_Choc_V1,SwitchHoles,smt
48.481425,42.990201,30.0,top,H45,,,SwitchHoles_Kailh_Choc_V1,SwitchHoles,smt
21.802374,52.551706,30.0,top,H46,,,SwitchHoles_Kailh_Choc_V1,SwitchHoles,smt
30.282126,37.863327,30.0,top,H47,,,SwitchHoles_Kailh_Choc_V1,SwitchHoles,smt
164.785818,93.869009,0.0,top,H5,,,Salt,Art,smt
174.322324,80.911742,0.0,top,H53,,,mouse-bite-3mm-6mm,MouseBite,tht
180.537726,21.867347,35.0,top,H54,,,SwitchHoles_Kailh_Choc_V1,SwitchHoles,smt
196.291714,31.928473,30.0,top,H55,,,SwitchHoles_Kailh_Choc_V1,SwitchHoles,smt
212.883774,40.542327,25.0,top,H56,,,SwitchHoles_Kailh_Choc_V1,SwitchHoles,smt
208.875832,100.323367,0.0,top,H57,,,SwitchHoles_Kailh_Choc_V1,SwitchHoles,smt
208.882317,83.404051,0.0,top,H58,,,SwitchHoles_Kailh_Choc_V1,SwitchHoles,smt
208.875825,66.484746,0.0,top,H59,,,SwitchHoles_Kailh_Choc_V1,SwitchHoles,smt
227.977414,103.806787,0.0,top,H60,,,SwitchHoles_Kailh_Choc_V1,SwitchHoles,smt
227.98533,86.825663,0.0,top,H61,,,SwitchHoles_Kailh_Choc_V1,SwitchHoles,smt
227.971427,69.926505,0.0,top,H62,,,SwitchHoles_Kailh_Choc_V1,SwitchHoles,smt
250.755455,104.260213,-5.0,top,H63,,,SwitchHoles_Kailh_Choc_V1,SwitchHoles,smt
249.274313,87.405269,-5.0,top,H64,,,SwitchHoles_Kailh_Choc_V1,SwitchHoles,smt
247.800067,70.4684,-5.0,top,H65,,,SwitchHoles_Kailh_Choc_V1,SwitchHoles,smt
272.601047,96.203205,-10.0,top,H66,,,SwitchHoles_Kailh_Choc_V1,SwitchHoles,smt
269.656432,79.500375,-10.0,top,H67,,,SwitchHoles_Kailh_Choc_V1,SwitchHoles,smt
266.711783,62.797557,-10.0,top,H68,,,SwitchHoles_Kailh_Choc_V1,SwitchHoles,smt
298.38073,71.770582,-30.0,top,H69,,,SwitchHoles_Kailh_Choc_V1,SwitchHoles,smt
170.996693,13.646906,-55.0,top,H7,,,mouse-bite-3mm-6mm,MouseBite,tht
289.900968,57.082196,-30.0,top,H70,,,SwitchHoles_Kailh_Choc_V1,SwitchHoles,smt
281.421185,42.393834,-30.0,top,H71,,,SwitchHoles_Kailh_Choc_V1,SwitchHoles,smt
308.100253,51.955318,-30.0,top,H72,,,SwitchHoles_Kailh_Choc_V1,SwitchHoles,smt
299.620506,37.266956,-30.0,top,H73,,,SwitchHoles_Kailh_Choc_V1,SwitchHoles,smt
155.322324,80.911742,0.0,top,H74,,,mouse-bite-3mm-6mm,MouseBite,tht
184.421951,58.740005,-90.0,top,H8,,,mouse-bite-3mm-6mm,MouseBite,tht
184.422041,109.797658,-90.0,top,H9,,,mouse-bite-3mm-6mm,MouseBite,tht
139.284408,58.58923,-90.0,top,J1,,,PinHeader_2x03_P2.00mm_Vertical_DEBUG,Conn_02x03_Odd_Even,tht
148.546945,72.834834,0.0,top,J10,,,PinHeader_1x10_P2.54mm_Vertical,Conn_01x10_Pin,tht
181.421945,72.84,0.0,top,J11,,,PinHeader_1x10_P2.54mm_Vertical,Conn_01x10_Pin,tht
190.624102,56.850781,90.0,top,J2,,,PinHeader_2x03_P2.00mm_Vertical_DEBUG,Conn_02x03_Odd_Even,tht
164.987324,45.856741,0.0,top,J3,UJ20-C-H-G-SMT-P16-TR,,USB_C_Receptacle_HRO_TYPE-C-31-M-12,USB_C_Receptacle_USB2.0_16P,smt
164.987324,49.131742,0.0,bottom,J4,,,JST_PH_S2B-PH-SM4-TB_1x02-1MP_P2.00mm_Horizontal,Conn_JST_PH_S2B-PH-SM4-TB_1x02-1MP_P2.00mm_Horizontal,smt
141.130002,70.170004,90.0,top,J5,UJ20-C-H-G-SMT-P16-TR,,USB_C_Receptacle_HRO_TYPE-C-31-M-12,USB_C_Receptacle_USB2.0_16P,smt
134.911014,50.105863,90.0,bottom,J6,S2B-PH-SM4-TB(LF)(SN),,JST_PH_S2B-PH-SM4-TB_1x02-1MP_P2.00mm_Horizontal,Conn_JST_PH_S2B-PH-SM4-TB_1x02-1MP_P2.00mm_Horizontal,smt
155.56,72.91,0.0,top,J7,,,PinHeader_2x03_P2.00mm_Vertical_DEBUG,Conn_02x03_Odd_Even,tht
188.834093,70.171921,-90.0,top,J8,UJ20-C-H-G-SMT-P16-TR,,USB_C_Receptacle_HRO_TYPE-C-31-M-12,USB_C_Receptacle_USB2.0_16P,smt
195.1427,50.105861,-90.0,bottom,J9,S2B-PH-SM4-TB(LF)(SN),,JST_PH_S2B-PH-SM4-TB_1x02-1MP_P2.00mm_Horizontal,Conn_JST_PH_S2B-PH-SM4-TB_1x02-1MP_P2.00mm_Horizontal,smt
112.670278,37.052538,-25.0,top,KHS1,,,Kailh_HS_Socket,KHS,smt
77.149985,99.408758,5.0,top,KHS10,,,Kailh_HS_Socket,KHS,smt
78.627656,82.51287,5.0,top,KHS11,,,Kailh_HS_Socket,KHS,smt
80.105386,65.616978,5.0,top,KHS12,,,Kailh_HS_Socket,KHS,smt
55.735831,91.306329,10.0,top,KHS13,,,Kailh_HS_Socket,KHS,smt
58.680502,74.60349,10.0,top,KHS14,,,Kailh_HS_Socket,KHS,smt
61.614508,57.914958,10.0,top,KHS15,,,Kailh_HS_Socket,KHS,smt
31.813062,66.862624,30.0,top,KHS16,,,Kailh_HS_Socket,KHS,smt
40.29285,52.174217,30.0,top,KHS17,,,Kailh_HS_Socket,KHS,smt
48.772626,37.485859,30.0,top,KHS18,,,Kailh_HS_Socket,KHS,smt
22.093554,47.047354,30.0,top,KHS19,,,Kailh_HS_Socket,KHS,smt
129.065491,28.829807,-30.0,top,KHS2,,,Kailh_HS_Socket,KHS,smt
30.573319,32.358976,30.0,top,KHS20,,,Kailh_HS_Socket,KHS,smt
181.307519,16.40932,35.0,top,KHS21,,,Kailh_HS_Socket,KHS,smt
196.582899,26.42414,30.0,top,KHS22,,,Kailh_HS_Socket,KHS,smt
212.694118,35.03355,25.0,top,KHS23,,,Kailh_HS_Socket,KHS,smt
206.375858,95.410873,0.0,top,KHS24,,,Kailh_HS_Socket,KHS,smt
206.382313,78.491544,0.0,top,KHS25,,,Kailh_HS_Socket,KHS,smt
206.375826,61.572266,0.0,top,KHS26,,,Kailh_HS_Socket,KHS,smt
225.477403,98.894274,0.0,top,KHS27,,,Kailh_HS_Socket,KHS,smt
225.485327,81.913146,0.0,top,KHS28,,,Kailh_HS_Socket,KHS,smt
225.471411,65.014002,0.0,top,KHS29,,,Kailh_HS_Socket,KHS,smt
144.619408,19.1573,-35.0,top,KHS3,,,Kailh_HS_Socket,KHS,smt
247.836802,99.584301,-5.0,top,KHS30,,,Kailh_HS_Socket,KHS,smt
246.355665,82.729355,-5.0,top,KHS31,,,Kailh_HS_Socket,KHS,smt
244.881413,65.792499,-5.0,top,KHS32,,,Kailh_HS_Socket,KHS,smt
269.285993,91.799455,-10.0,top,KHS33,,,Kailh_HS_Socket,KHS,smt
266.341366,75.096627,-10.0,top,KHS34,,,Kailh_HS_Socket,KHS,smt
263.396706,58.393806,-10.0,top,KHS35,,,Kailh_HS_Socket,KHS,smt
293.759409,68.766236,-30.0,top,KHS36,,,Kailh_HS_Socket,KHS,smt
285.279656,54.077838,-30.0,top,KHS37,,,Kailh_HS_Socket,KHS,smt
276.799888,39.389463,-30.0,top,KHS38,,,Kailh_HS_Socket,KHS,smt
303.478939,48.950977,-30.0,top,KHS39,,,Kailh_HS_Socket,KHS,smt
118.594266,95.554554,0.0,top,KHS4,,,Kailh_HS_Socket,KHS,smt
294.99918,34.262595,-30.0,top,KHS40,,,Kailh_HS_Socket,KHS,smt
118.605242,78.576261,0.0,top,KHS5,,,Kailh_HS_Socket,KHS,smt
118.593256,61.634743,0.0,top,KHS6,,,Kailh_HS_Socket,KHS,smt
99.498671,98.997265,0.0,top,KHS7,,,Kailh_HS_Socket,KHS,smt
99.498172,82.036845,0.0,top,KHS8,,,Kailh_HS_Socket,KHS,smt
99.497683,65.076453,0.0,top,KHS9,,,Kailh_HS_Socket,KHS,smt
170.677317,62.78,-90.0,top,L1,MLZ2012A2R2WT000,,L_0805_2012Metric,2.2uH,smt
141.019998,92.150004,-90.0,top,L2,MLZ2012A2R2WT000,,L_0805_2012Metric,2.2uH,smt
199.358282,92.006302,-90.0,top,L3,MLZ2012A2R2WT000,,L_0805_2012Metric,2.2uH,smt
118.70058,44.069076,-25.0,top,LED1,IN-S63AT5UW,,LED_0603_1608Metric,LED_Small,smt
78.864105,108.500422,5.0,top,LED10,IN-S63AT5UW,,LED_0603_1608Metric,LED_Small,smt
80.341793,91.604529,5.0,top,LED11,IN-S63AT5UW,,LED_0603_1608Metric,LED_Small,smt
81.819509,74.708631,5.0,top,LED12,IN-S63AT5UW,,LED_0603_1608Metric,LED_Small,smt
56.65105,100.512793,10.0,top,LED13,IN-S63AT5UW,,LED_0603_1608Metric,LED_Small,smt
59.595724,83.809945,10.0,top,LED14,IN-S63AT5UW,,LED_0603_1608Metric,LED_Small,smt
62.529725,67.12143,10.0,top,LED15,IN-S63AT5UW,,LED_0603_1608Metric,LED_Small,smt
29.524299,75.826885,30.0,top,LED16,IN-S63AT5UW,,LED_0603_1608Metric,LED_Small,smt
38.004087,61.138478,30.0,top,LED17,IN-S63AT5UW,,LED_0603_1608Metric,LED_Small,smt
46.483846,46.450111,30.0,top,LED18,IN-S63AT5UW,,LED_0603_1608Metric,LED_Small,smt
19.804787,56.011617,30.0,top,LED19,IN-S63AT5UW,,LED_0603_1608Metric,LED_Small,smt
135.684393,35.29408,-30.0,top,LED2,IN-S63AT5UW,,LED_0603_1608Metric,LED_Small,smt
28.284545,41.323238,30.0,top,LED20,IN-S63AT5UW,,LED_0603_1608Metric,LED_Small,smt
178.246194,25.139992,35.0,top,LED21,IN-S63AT5UW,,LED_0603_1608Metric,LED_Small,smt
194.294128,35.388386,30.0,top,LED22,IN-S63AT5UW,,LED_0603_1608Metric,LED_Small,smt
211.195346,44.163173,25.0,top,LED23,IN-S63AT5UW,,LED_0603_1608Metric,LED_Small,smt
208.875833,104.318529,0.0,top,LED24,IN-S63AT5UW,,LED_0603_1608Metric,LED_Small,smt
208.882318,87.399213,0.0,top,LED25,IN-S63AT5UW,,LED_0603_1608Metric,LED_Small,smt
208.875826,70.479912,0.0,top,LED26,IN-S63AT5UW,,LED_0603_1608Metric,LED_Small,smt
227.977415,107.80195,0.0,top,LED27,IN-S63AT5UW,,LED_0603_1608Metric,LED_Small,smt
227.985326,90.820823,0.0,top,LED28,IN-S63AT5UW,,LED_0603_1608Metric,LED_Small,smt
227.971428,73.921669,0.0,top,LED29,IN-S63AT5UW,,LED_0603_1608Metric,LED_Small,smt
151.776508,25.020079,-35.0,top,LED3,IN-S63AT5UW,,LED_0603_1608Metric,LED_Small,smt
251.103651,108.240176,-5.0,top,LED30,IN-S63AT5UW,,LED_0603_1608Metric,LED_Small,smt
249.622513,91.385229,-5.0,top,LED31,IN-S63AT5UW,,LED_0603_1608Metric,LED_Small,smt
248.148272,74.44836,-5.0,top,LED32,IN-S63AT5UW,,LED_0603_1608Metric,LED_Small,smt
273.294797,100.137677,-10.0,top,LED33,IN-S63AT5UW,,LED_0603_1608Metric,LED_Small,smt
270.350183,83.43484,-10.0,top,LED34,IN-S63AT5UW,,LED_0603_1608Metric,LED_Small,smt
267.405533,66.732023,-10.0,top,LED35,IN-S63AT5UW,,LED_0603_1608Metric,LED_Small,smt
300.378313,75.230491,-30.0,top,LED36,IN-S63AT5UW,,LED_0603_1608Metric,LED_Small,smt
291.898552,60.542109,-30.0,top,LED37,IN-S63AT5UW,,LED_0603_1608Metric,LED_Small,smt
283.418765,45.853744,-30.0,top,LED38,IN-S63AT5UW,,LED_0603_1608Metric,LED_Small,smt
310.097832,55.415228,-30.0,top,LED39,IN-S63AT5UW,,LED_0603_1608Metric,LED_Small,smt
121.094269,104.46222,0.0,top,LED4,IN-S63AT5UW,,LED_0603_1608Metric,LED_Small,smt
301.61809,40.726869,-30.0,top,LED40,IN-S63AT5UW,,LED_0603_1608Metric,LED_Small,smt
121.105247,87.483927,0.0,top,LED5,IN-S63AT5UW,,LED_0603_1608Metric,LED_Small,smt
121.093264,70.542401,0.0,top,LED6,IN-S63AT5UW,,LED_0603_1608Metric,LED_Small,smt
101.998668,107.904927,0.0,top,LED7,IN-S63AT5UW,,LED_0603_1608Metric,LED_Small,smt
101.998178,90.944518,0.0,top,LED8,IN-S63AT5UW,,LED_0603_1608Metric,LED_Small,smt
101.997666,73.984122,0.0,top,LED9,IN-S63AT5UW,,LED_0603_1608Metric,LED_Small,smt
126.409514,53.164396,180.0,top,Q1,IRLML6344TRPBF,,SOT-23,AO3400A,smt
203.570585,53.076905,0.0,top,Q2,IRLML6344TRPBF,,SOT-23,AO3400A,smt
261.59328,40.079905,90.0,top,R1,CRCW060310K0FKEA,,R_0603_1608Metric,10k,smt
136.398252,36.578969,150.0,top,R10,AC0603FR-0749R9L,,R_0603_1608Metric,49.9R,smt
152.599635,26.237868,145.0,top,R11,AC0603FR-0749R9L,,R_0603_1608Metric,49.9R,smt
121.074267,105.925358,180.0,top,R12,AC0603FR-0749R9L,,R_0603_1608Metric,49.9R,smt
121.081016,88.953601,180.0,top,R13,AC0603FR-0749R9L,,R_0603_1608Metric,49.9R,smt
121.069041,72.012077,180.0,top,R14,AC0603FR-0749R9L,,R_0603_1608Metric,49.9R,smt
101.974443,109.374608,180.0,top,R15,AC0603FR-0749R9L,,R_0603_1608Metric,49.9R,smt
101.97395,92.414191,180.0,top,R16,AC0603FR-0749R9L,,R_0603_1608Metric,49.9R,smt
101.973439,75.453797,180.0,top,R17,AC0603FR-0749R9L,,R_0603_1608Metric,49.9R,smt
78.711881,109.962393,-175.0,top,R18,AC0603FR-0749R9L,,R_0603_1608Metric,49.9R,smt
80.189563,93.066498,-175.0,top,R19,AC0603FR-0749R9L,,R_0603_1608Metric,49.9R,smt
263.39328,40.079905,90.0,top,R2,CRCW060310K0FKEA,,R_0603_1608Metric,10k,smt
81.667287,76.170604,-175.0,top,R20,AC0603FR-0749R9L,,R_0603_1608Metric,49.9R,smt
56.371988,101.95593,-170.0,top,R21,AC0603FR-0749R9L,,R_0603_1608Metric,49.9R,smt
59.316662,85.253084,-170.0,top,R22,AC0603FR-0749R9L,,R_0603_1608Metric,49.9R,smt
62.250657,68.564575,-170.0,top,R23,AC0603FR-0749R9L,,R_0603_1608Metric,49.9R,smt
28.768476,77.087546,-150.0,top,R24,AC0603FR-0749R9L,,R_0603_1608Metric,49.9R,smt
37.248262,62.399141,-150.0,top,R25,AC0603FR-0749R9L,,R_0603_1608Metric,49.9R,smt
45.728024,47.710778,-150.0,top,R26,AC0603FR-0749R9L,,R_0603_1608Metric,49.9R,smt
19.048974,57.272277,-150.0,top,R27,AC0603FR-0749R9L,,R_0603_1608Metric,49.9R,smt
27.528728,42.583901,-150.0,top,R28,AC0603FR-0749R9L,,R_0603_1608Metric,49.9R,smt
165.957319,66.709999,180.0,top,R29,CRCW060310K0FKEA,,R_0603_1608Metric,10k,smt
265.19328,40.079905,90.0,top,R3,CRCW060310K0FKEA,,R_0603_1608Metric,10k,smt
163.007326,66.710004,0.0,top,R30,CRCW060310K0FKEA,,R_0603_1608Metric,10k,smt
162.752113,53.842558,-90.0,top,R31,RC0603FR-071K5L,,R_0603_1608Metric,1.5k,smt
164.205154,53.842558,-90.0,top,R32,RC0603FR-071K5L,,R_0603_1608Metric,1.5k,smt
162.39732,65.240002,180.0,top,R33,CRCW0603499KFKEA,,R_0603_1608Metric,500k,smt
136.3,96.080003,180.0,top,R34,CRCW060310K0FKEA,,R_0603_1608Metric,10k,smt
133.350007,96.080008,0.0,top,R35,CRCW060310K0FKEA,,R_0603_1608Metric,10k,smt
133.09,83.222498,-90.0,top,R36,RC0603FR-071K5L,,R_0603_1608Metric,1.5k,smt
134.550002,83.219999,-90.0,top,R37,RC0603FR-071K5L,,R_0603_1608Metric,1.5k,smt
132.740001,94.610006,180.0,top,R38,CRCW0603499KFKEA,,R_0603_1608Metric,500k,smt
172.289053,45.981742,0.0,top,R39,RC0603FR-071K5L,,R_0603_1608Metric,1.5k,smt
68.01016,104.803338,95.0,top,R4,RC0603FR-071K5L,,R_0603_1608Metric,1.5k,smt
157.530171,45.981742,180.0,top,R40,RC0603FR-071K5L,,R_0603_1608Metric,1.5k,smt
194.638285,95.936302,180.0,top,R41,CRCW060310K0FKEA,,R_0603_1608Metric,10k,smt
191.688285,95.936297,0.0,top,R42,CRCW060310K0FKEA,,R_0603_1608Metric,10k,smt
191.428286,83.076302,-90.0,top,R43,RC0603FR-071K5L,,R_0603_1608Metric,1.5k,smt
192.888281,83.0763,-90.0,top,R44,RC0603FR-071K5L,,R_0603_1608Metric,1.5k,smt
191.078286,94.466297,180.0,top,R45,CRCW0603499KFKEA,,R_0603_1608Metric,500k,smt
200.755561,53.076892,90.0,top,R46,RC0603FR-075K1L,,R_0603_1608Metric,5.1k,smt
177.383379,26.32998,-145.0,top,R47,AC0603FR-0749R9L,,R_0603_1608Metric,49.9R,smt
193.538315,36.649049,-150.0,top,R48,AC0603FR-0749R9L,,R_0603_1608Metric,49.9R,smt
210.552278,45.484913,-155.0,top,R49,AC0603FR-0749R9L,,R_0603_1608Metric,49.9R,smt
90.579522,106.78324,95.0,top,R5,RC0603FR-071K5L,,R_0603_1608Metric,1.5k,smt
208.851605,105.788206,180.0,top,R50,AC0603FR-0749R9L,,R_0603_1608Metric,49.9R,smt
208.85809,88.868888,180.0,top,R51,AC0603FR-0749R9L,,R_0603_1608Metric,49.9R,smt
208.851597,71.949585,180.0,top,R52,AC0603FR-0749R9L,,R_0603_1608Metric,49.9R,smt
227.953187,109.271626,180.0,top,R53,AC0603FR-0749R9L,,R_0603_1608Metric,49.9R,smt
227.961098,92.290501,180.0,top,R54,AC0603FR-0749R9L,,R_0603_1608Metric,49.9R,smt
227.947199,75.391346,180.0,top,R55,AC0603FR-0749R9L,,R_0603_1608Metric,49.9R,smt
251.20761,109.706368,175.0,top,R56,AC0603FR-0749R9L,,R_0603_1608Metric,49.9R,smt
249.72647,92.851422,175.0,top,R57,AC0603FR-0749R9L,,R_0603_1608Metric,49.9R,smt
248.252228,75.914556,175.0,top,R58,AC0603FR-0749R9L,,R_0603_1608Metric,49.9R,smt
273.526147,101.589232,170.0,top,R59,AC0603FR-0749R9L,,R_0603_1608Metric,49.9R,smt
261.972369,104.67211,85.0,top,R6,RC0603FR-071K5L,,R_0603_1608Metric,1.5k,smt
270.58153,84.886395,170.0,top,R60,AC0603FR-0749R9L,,R_0603_1608Metric,49.9R,smt
267.636885,68.183578,170.0,top,R61,AC0603FR-0749R9L,,R_0603_1608Metric,49.9R,smt
301.092166,76.51538,150.0,top,R62,AC0603FR-0749R9L,,R_0603_1608Metric,49.9R,smt
292.612407,61.826998,150.0,top,R63,AC0603FR-0749R9L,,R_0603_1608Metric,49.9R,smt
284.132619,47.138634,150.0,top,R64,AC0603FR-0749R9L,,R_0603_1608Metric,49.9R,smt
310.811689,56.700118,150.0,top,R65,AC0603FR-0749R9L,,R_0603_1608Metric,49.9R,smt
302.331944,42.011759,150.0,top,R66,AC0603FR-0749R9L,,R_0603_1608Metric,49.9R,smt
239.402807,106.646685,85.0,top,R7,RC0603FR-071K5L,,R_0603_1608Metric,1.5k,smt
129.213506,53.076883,-90.0,top,R8,RC0603FR-075K1L,,R_0603_1608Metric,5.1k,smt
119.29973,45.411296,155.0,top,R9,AC0603FR-0749R9L,,R_0603_1608Metric,49.9R,smt
141.895004,50.420001,90.0,top,SW1, PCM12SMTBR,,SW_SPDT_PCM12,SW_SPDT,smt
188.15871,50.419999,-90.0,top,SW2, PCM12SMTBR,,SW_SPDT_PCM12,SW_SPDT,smt
142.410781,57.60673,90.0,top,SW3,EVP-BB1AAB000,,EVPBB2A9B000,EVP-BB1AAB000,smt
187.488832,57.83654,-90.0,top,SW4,EVP-BB1AAB000,,EVPBB2A9B000,EVP-BB1AAB000,smt
173.95,70.03,-90.0,top,SW5,EVP-BB1AAB000,,EVPBB2A9B000,EVP-BB1AAB000,smt
281.324886,68.949782,-120.0,bottom,U1,,,SK8707-01-0C Sensor,~,smt
190.140005,76.614996,-90.0,top,U10,,,UDFN-6_1.2x1.0mm_P0.4mm,ESDR0502NMUTAG,tht
193.668287,90.636303,180.0,top,U11,nPM1300-QEAA-R7,,QFN-32-1EP_5x5mm_P0.5mm_EP3.6x3.6mm_ThermalVias,nPM1300-QEXX,smt
258.573281,45.07491,0.0,bottom,U2,,,SK8707-01,~,smt
137.078405,109.598669,180.0,top,U3,ISP1807-LR-RS,,ISP1807-LR-RS,ISP1807-LR-RS,smt
192.891704,109.454968,180.0,top,U4,ISP1807-LR-RS,,ISP1807-LR-RS,ISP1807-LR-RS,smt
165.69,52.17,-90.0,top,U5,,,UDFN-6_1.2x1.0mm_P0.4mm,ESDR0502NMUTAG,tht
164.987324,61.41,180.0,top,U6,nPM1300-QEAA-R7,,QFN-32-1EP_5x5mm_P0.5mm_EP3.6x3.6mm_ThermalVias,nPM1300-QEXX,smt
139.810002,76.605002,-90.0,top,U7,,,UDFN-6_1.2x1.0mm_P0.4mm,ESDR0502NMUTAG,tht
135.330005,90.780004,180.0,top,U8,nPM1300-QEAA-R7,,QFN-32-1EP_5x5mm_P0.5mm_EP3.6x3.6mm_ThermalVias,nPM1300-QEXX,smt
164.987324,74.528242,180.0,top,U9,ISP1807-LR-RS,,ISP1807-LR-RS,ISP1807-LR-RS,smt
