﻿Designator,Quantity,Value,Footprint,Package,MPN,DNP,Mount_Type,Description,Mouser Part Number,Manufacturer_Name,Sim.Device,Sim.Pins,Sim.Pin,Description_1,Height,Mouser Price/Stock,Arrow Part Number,Arrow Price/Stock,LCSC Part,Manufacturer Part,LCSC
"C1, C11",2,10nF,C_0603_1608Metric,,C1608X5R1H103K080AA,,smt,"Unpolarized capacitor, small symbol",810-C1608X5R1H103KAA,TDK,,,,,,,,,,,
"C10, C13, C14, C19, C20, C3, C4, C9",8,1uF,C_0603_1608Metric,,CC0603KRX7R5BB105,,smt,"Capacitor, X5R, 25 V, ±20%",603-CC603KRX7R5BB105,YAGEO,,,,,,,,,,,
"C12, C2",2,0.1uF,C_0603_1608Metric,,CC0603KRX7R5BB105,,smt,"Capacitor, X5R, 25 V, ±20%",603-CC603KRX7R5BB105,YAGEO,,,,,,,,,,,
"C15, C5",2,2.2uF,C_0603_1608Metric,,C1608X5R1E225M080AB,,smt,"Capacitor, X5R, 25 V, ±20%",810-C1608X5R1E225M,TDK,,,,,,,,,,,
"C16, C17, C18, C6, C7, C8",6,10uF,C_0603_1608Metric,,C1608X5R0J106K080AB,,smt,"Capacitor, X5R, 25 V, ±20%",810-C1608X5R0J106K,TDK,,,,,,,,,,,
"D1, D10, D11, D12, D13, D14, D15, D16, D17, D18, D19, D2, D20, D25, D26, D27, D28, D29, D3, D30, D31, D32, D33, D34, D35, D36, D37, D38, D39, D4, D40, D41, D42, D43, D44, D5, D6, D7, D8, D9",40,D_Small,D_SOD-523,,,,smt,"Diode, small symbol",,,D,1=K 2=A,,,,,,,,,
"D21, D23, D45, D48",4,LED_Small,LED_0603_1608Metric,,IN-PIS63BTPR,,smt,"Light emitting diode, small symbol",743-IN-PIS63BTPR,Inolux,,,1=K 2=A,,,,,,,,
"D22, D24, D46, D49",4,LED_Small,LED_0603_1608Metric,,IN-PIS63BTPG,,smt,"Light emitting diode, small symbol",743-IN-PIS63BTPG,Inolux,,,1=K 2=A,,,,,,,,
"IC1, IC2",2,MCP1700T-3302E_MAY,SON65P200X200X90-7N,,MCP1700T-3302E/MAY,,smt,LDO Regulator Pos 3.3V 0.25A Automotive 6-Pin DFN EP T/R,579-MCP1700T3302EMAY,Microchip,,,,LDO Regulator Pos 3.3V 0.25A Automotive 6-Pin DFN EP T/R,0.9,https://www.mouser.co.uk/ProductDetail/Microchip-Technology/MCP1700T-3302E-MAY?qs=98WN%2FnWUQiT%252B8kkJEG8McA%3D%3D,MCP1700T-3302E/MAY,https://www.arrow.com/en/products/mcp1700t-3302emay/microchip-technology?utm_currency=USD&region=nac,,,
"J1, J2",2,USB_C_Receptacle_USB2.0_16P,USB_C_Receptacle_HRO_TYPE-C-31-M-12,,,,smt,USB 2.0-only 16P Type-C Receptacle connector,,,,,,,,,,,,,
"KHS1, KHS10, KHS11, KHS12, KHS13, KHS14, KHS15, KHS16, KHS17, KHS18, KHS19, KHS2, KHS20, KHS21, KHS22, KHS23, KHS24, KHS25, KHS26, KHS27, KHS28, KHS29, KHS3, KHS30, KHS31, KHS32, KHS33, KHS34, KHS35, KHS36, KHS37, KHS38, KHS39, KHS4, KHS40, KHS5, KHS6, KHS7, KHS8, KHS9",40,KHS,Kailh_HS_Socket,,,,smt,"Push button switch, normally open, two pins, 45° tilted",,,,,,,,,,,,,
"L1, L2",2,2.2uH,L_0805_2012Metric,,MLZ2012A2R2WT000,,smt,"Inductor, small symbol",810-MLZ2012A2R2WT000 ,TDK,,,,,,,,,,,
"LED1, LED10, LED11, LED12, LED13, LED14, LED15, LED16, LED17, LED18, LED19, LED2, LED20, LED21, LED22, LED23, LED24, LED25, LED26, LED27, LED28, LED29, LED3, LED30, LED31, LED32, LED33, LED34, LED35, LED36, LED37, LED38, LED39, LED4, LED40, LED5, LED6, LED7, LED8, LED9",40,LED_Small,LED_0603_1608Metric,,,,smt,"Light emitting diode, small symbol",,,,,1=K 2=A,,,,,,,,
"Q1, Q2",2,AO3400A,SOT-23,,IRLML6344TRPBF ,,smt,"30V Vds, 5.7A Id, N-Channel MOSFET, SOT-23",942-IRLML6344TRPBF,Infineon Technologies,,,,,,,,,,,
"R1, R10, R12, R13, R3, R4, R5, R7, R8, R9",10,5.1k,R_0603_1608Metric,,603-RC0603FR-075K1L,,smt,"Resistor, small symbol",603-RC0603FR-075K1L ,YAGEO,,,,,,,,,,,
"R11, R14, R15, R16, R18, R19, R2, R21, R22, R23, R24, R6",12,1.5k,R_0603_1608Metric,,RC0603FR-071K5L,,smt,"Resistor, small symbol",603-RC0603FR-071K5L ,YAGEO,,,,,,,,,,,
"SW1, SW2",2,EVP-BB1AAB000,EVPBB2A9B000,,EVP-BB1AAB000,,smt,Tactile Switches 2.6x1.6x0.5mm 1N 0.08mm Travel,667-EVP-BB1AAB000,Panasonic,,,,Tactile Switches 2.6x1.6x0.5mm 1N 0.08mm Travel,0,https://www.mouser.co.uk/ProductDetail/Panasonic/EVP-BB1AAB000?qs=f9yNj16SXrKiqfR0eFFobA%3D%3D,,,,,
"SW3, SW4",2,SW_SPDT,SW_SPDT_PCM12,,PCM12SMTBR,,smt,"Switch, single pole double throw",611-PCM12SMTBR ,C&K,,,,,,,,,,,
"U1, U2",2,ISP1807-LR-RS,ISP1807-LR-RS,,ISP1807-LR-RS ,,smt,,359-ISP1807-LR-RS,Insight SiP,,,,,,,,,,,
U10,1,~,SK8707-01-0C Sensor,,,,smt,,,,,,,,,,,,,,
"U3, U6",2,MAX17048,TDFN-8-1EP_2x2mm_P0.5mm_EP0.8x1.2mm,,,,smt,,,,,,,,,,,,C2682616,,
"U4, U7",2,ESDR0502NMUTAG,UDFN-6_1.2x1.0mm_P0.4mm,,,,tht,,,,,,,,,,,,,ESDR0502NMUTBG,C327480
"U5, U8",2,nPM1100-QDXX,QFN-24-1EP_4x4mm_P0.5mm_EP2.6x2.6mm_ThermalVias,,NPM1100-QDAA-R,,smt,"PMIC and Battery Charger, QFN-24",949-NPM1100-QDAA-R,Nordic Semiconductor,,,,,,,,,,,
U9,1,~,SK8707-01,,,,smt,,,,,,,,,,,,,,
