﻿Designator,Quantity,Value,Footprint,Package,MPN,DNP,Mount_Type,Description,Mouser Part Number,Sim.Device,Sim.Pins,Sim.Pin,Description_1,Height,Mouser Price/Stock,Arrow Part Number,Arrow Price/Stock,LCSC Part
"C1, C11",2,10nF,C_0603_1608Metric,,CGA3E2X7R1H103K080AA,,smt,"Unpolarized capacitor, small symbol",810-CGA3E2X7R1H103K,,,,,,,,,
"C10, C13, C14, C19, C20, C3, C4, C9",8,1uF,C_0603_1608Metric,,CGA3E1X7R1V105K080AC,,smt,"Capacitor, X5R, 25 V, ±20%",810-CGA3E1X7R1V105KC,,,,,,,,,
"C12, C2",2,0.1uF,C_0603_1608Metric,,C1608X7R1H104K080AA,,smt,"Capacitor, X5R, 25 V, ±20%",810-C1608X7R1H104K,,,,,,,,,
"C15, C5",2,2.2uF,C_0603_1608Metric,,C1608X5R1E225M080AB,,smt,"Capacitor, X5R, 25 V, ±20%",810-C1608X5R1E225M,,,,,,,,,
"C16, C17, C18, C6, C7, C8",6,10uF,C_0603_1608Metric,,C1608X5R0J106K080AB,,smt,"Capacitor, X5R, 25 V, ±20%",810-C1608X5R0J106K,,,,,,,,,
"D1, D10, D11, D12, D13, D14, D15, D16, D17, D18, D19, D2, D20, D25, D26, D27, D28, D29, D3, D30, D31, D32, D33, D34, D35, D36, D37, D38, D39, D4, D40, D41, D42, D43, D44, D5, D6, D7, D8, D9",40,D_Small,D_SOD-523,,1N4148WT-7,,smt,"Diode, small symbol",621-1N4148WT,D,1=K 2=A,,,,,,,
"D21, D23",2,LED_Error,LED_0603_1608Metric,,IN-S63AT5A,,smt,"Light emitting diode, small symbol",743-IN-S63AT5A,,,1=K 2=A,,,,,,
"D22, D24, D46, D49",4,LED_Green,LED_0603_1608Metric,,IN-S63AT5G,,smt,"Light emitting diode, small symbol",743-IN-S63AT5G,,,1=K 2=A,,,,,,
"D45, D48",2,LED_Blue,LED_0603_1608Metric,,IN-S63AT5B,,smt,"Light emitting diode, small symbol",743-S63AT5B,,,1=K 2=A,,,,,,
"IC1, IC2",2,MCP1700T-3302E_MAY,SON65P200X200X90-7N,,MCP1700T-3302E/MAY,,smt,LDO Regulator Pos 3.3V 0.25A Automotive 6-Pin DFN EP T/R,579-MCP1700T3302EMAY,,,,LDO Regulator Pos 3.3V 0.25A Automotive 6-Pin DFN EP T/R,0.9,https://www.mouser.co.uk/ProductDetail/Microchip-Technology/MCP1700T-3302E-MAY?qs=98WN%2FnWUQiT%252B8kkJEG8McA%3D%3D,MCP1700T-3302E/MAY,https://www.arrow.com/en/products/mcp1700t-3302emay/microchip-technology?utm_currency=USD&region=nac,
"J1, J2",2,USB_C_Receptacle_USB2.0_16P,USB_C_Receptacle_HRO_TYPE-C-31-M-12,,UJ20-C-H-G-SMT-P16-TR,,smt,USB 2.0-only 16P Type-C Receptacle connector, 179-UJ20CHGSMTP16TR,,,,,,,,,
"J5, J6",2,Conn_01x02,JST_PH_S2B-PH-SM4-TB_1x02-1MP_P2.00mm_Horizontal,,S2B-PH-SM4-TB(LF)(SN),,smt,"Generic connector, single row, 01x02, script generated (kicad-library-utils/schlib/autogen/connector/)",306-S2BPHSM4TBLFSN,,,,,,,,,
"L1, L2",2,2.2uH,L_0805_2012Metric,,MLZ2012A2R2WT000,,smt,"Inductor, small symbol", 810-MLZ2012A2R2WT000,,,,,,,,,
"LED1, LED10, LED11, LED12, LED13, LED14, LED15, LED16, LED17, LED18, LED19, LED2, LED20, LED21, LED22, LED23, LED24, LED25, LED26, LED27, LED28, LED29, LED3, LED30, LED31, LED32, LED33, LED34, LED35, LED36, LED37, LED38, LED39, LED4, LED40, LED5, LED6, LED7, LED8, LED9",40,LED_Small,LED_0603_1608Metric,,IN-S63AT5UW,,smt,"Light emitting diode, small symbol",743-IN-S63AT5UW,,,1=K 2=A,,,,,,
"Q1, Q2",2,AO3400A,SOT-23,,IRLML6344TRPBF,,smt,"30V Vds, 5.7A Id, N-Channel MOSFET, SOT-23", 942-IRLML6344TRPBF,,,,,,,,,
"R1, R10, R12, R13, R3, R4, R5, R7, R8, R9",10,5.1k,R_0603_1608Metric,,RC0603FR-075K1L,,smt,"Resistor, small symbol",603-RC0603FR-075K1L,,,,,,,,,
"R11, R14, R15, R16, R18, R19, R2, R21, R22, R23, R24, R6",12,1.5k,R_0603_1608Metric,,RC0603FR-071K5L,,smt,"Resistor, small symbol", 603-RC0603FR-071K5L,,,,,,,,,
"SW1, SW2",2,EVP-BB1AAB000,EVPBB2A9B000,,EVP-BB1AAB000,,smt,Tactile Switches 2.6x1.6x0.5mm 1N 0.08mm Travel, 667-EVP-BB1AAB000,,,,Tactile Switches 2.6x1.6x0.5mm 1N 0.08mm Travel,0,https://www.mouser.co.uk/ProductDetail/Panasonic/EVP-BB1AAB000?qs=f9yNj16SXrKiqfR0eFFobA%3D%3D,,,
"SW3, SW4",2,SW_SPDT,SW_SPDT_PCM12,, PCM12SMTBR,,smt,"Switch, single pole double throw", 611-PCM12SMTBR,,,,,,,,,
"U1, U2",2,ISP1807-LR-RS,ISP1807-LR-RS,,ISP1807-LR-RS,,smt,,359-ISP1807-LR-RS,,,,,,,,,
"U3, U6",2,MAX17048,TDFN-8-1EP_2x2mm_P0.5mm_EP0.8x1.2mm,, MAX17048G+T10,,smt,, 700-MAX17048G+T10,,,,,,,,,C2682616
"U5, U8",2,nPM1100-QDXX,QFN-24-1EP_4x4mm_P0.5mm_EP2.6x2.6mm_ThermalVias,,nPM1100-QDAA-R,,smt,"PMIC and Battery Charger, QFN-24",949-NPM1100-QDAA-R,,,,,,,,,
