﻿Designator,Quantity,Value,Footprint,Package,MPN,DNP,Mount_Type,Description,Mouser Part Number,Sim.Pin,Sim.Device,Sim.Pins,Description_1,Height,Mouser Price/Stock
"C10, C11, C14, C19, C20, C23, C28, C29, C32",9,10uF,C_0603_1608Metric,,GRM188R61E106KA73J,,smt,"Capacitor, X5R, 25 V, ±20%",81-GRM188R61E106KA3J,,,,,,
"C12, C16, C17, C21, C25, C26, C30, C7, C8",9,1uF,C_0603_1608Metric,,LMK107B7105KA-T,,smt,"Capacitor, X5R, 25 V, ±20%",963-LMK107B7105KA-T,,,,,,
"C13, C22, C31",3,2.2uF,C_0603_1608Metric,,EMK107BB7225KA-T,,smt,"Capacitor, X5R, 25 V, ±20%",963-EMK107BB7225KA-T,,,,,,
"C15, C24, C6",3,10nF,C_0603_1608Metric,,CGA3E2X7R1H103K080AA,,smt,"Unpolarized capacitor, small symbol",810-CGA3E2X7R1H103K,,,,,,
"C18, C27, C5, C9",4,100nF,C_0603_1608Metric,,CC0603KRX7R8BB104,,smt,"Unpolarized capacitor, small symbol",603-CC603KRX7R8BB104,,,,,,
"D1, D29, D3",3,LED_Blue,LED_0603_1608Metric,,IN-S63AT5B,,smt,"Light emitting diode, small symbol",743-S63AT5B,1=K 2=A,,,,,
"D10, D11, D12, D13, D14, D15, D16, D17, D18, D19, D20, D21, D22, D23, D24, D33, D34, D35, D36, D37, D38, D39, D40, D41, D42, D43, D44, D45, D46, D47, D48, D49, D5, D50, D51, D52, D6, D7, D8, D9",40,D_Small,D_SOD-523,,1N4148WT-7,,smt,"Diode, small symbol",621-1N4148WT,,D,1=K 2=A,,,
"D2, D26, D28, D30, D32, D4",6,LED_Green,LED_0603_1608Metric,,IN-S63AT5G,,smt,"Light emitting diode, small symbol",743-IN-S63AT5G,1=K 2=A,,,,,
"D25, D27, D31",3,LED_Error,LED_0603_1608Metric,,IN-S63AT5A,,smt,"Light emitting diode, small symbol",743-IN-S63AT5A,1=K 2=A,,,,,
"J10, J11",2,Conn_01x10_Pin,PinHeader_1x10_P2.54mm_Vertical,,,,tht,"Generic connector, single row, 01x10, script generated",,,,,,,
"J3, J5, J8",3,USB_C_Receptacle_USB2.0_16P,USB_C_Receptacle_HRO_TYPE-C-31-M-12,,UJ20-C-H-G-SMT-P16-TR,,smt,USB 2.0-only 16P Type-C Receptacle connector, 179-UJ20CHGSMTP16TR,,,,,,
J4,1,Conn_JST_PH_S2B-PH-SM4-TB_1x02-1MP_P2.00mm_Horizontal,JST_PH_S2B-PH-SM4-TB_1x02-1MP_P2.00mm_Horizontal,,,,smt,"Generic connector, single row, 01x02, script generated (kicad-library-utils/schlib/autogen/connector/)",,,,,,,
"J6, J9",2,Conn_JST_PH_S2B-PH-SM4-TB_1x02-1MP_P2.00mm_Horizontal,JST_PH_S2B-PH-SM4-TB_1x02-1MP_P2.00mm_Horizontal,,S2B-PH-SM4-TB(LF)(SN),,smt,"Generic connector, single row, 01x02, script generated (kicad-library-utils/schlib/autogen/connector/)",306-S2BPHSM4TBLFSN,,,,,,
"L1, L2, L3",3,2.2uH,L_0805_2012Metric,,MLZ2012A2R2WT000,,smt,"Inductor, small symbol", 810-MLZ2012A2R2WT000,,,,,,
"LED1, LED10, LED11, LED12, LED13, LED14, LED15, LED16, LED17, LED18, LED19, LED2, LED20, LED21, LED22, LED23, LED24, LED25, LED26, LED27, LED28, LED29, LED3, LED30, LED31, LED32, LED33, LED34, LED35, LED36, LED37, LED38, LED39, LED4, LED40, LED5, LED6, LED7, LED8, LED9",40,LED_Small,LED_0603_1608Metric,,IN-S63AT5UW,,smt,"Light emitting diode, small symbol",743-IN-S63AT5UW,1=K 2=A,,,,,
"Q1, Q2",2,AO3400A,SOT-23,,IRLML6344TRPBF,,smt,"30V Vds, 5.7A Id, N-Channel MOSFET, SOT-23", 942-IRLML6344TRPBF,,,,,,
"R1, R2, R29, R3, R30, R34, R35, R41, R42",9,10k,R_0603_1608Metric,,CRCW060310K0FKEA,,smt,"Resistor, small symbol",71-CRCW0603-10K-E3,,,,,,
"R10, R11, R12, R13, R14, R15, R16, R17, R18, R19, R20, R21, R22, R23, R24, R25, R26, R27, R28, R47, R48, R49, R50, R51, R52, R53, R54, R55, R56, R57, R58, R59, R60, R61, R62, R63, R64, R65, R66, R9",40,49.9R,R_0603_1608Metric,,AC0603FR-0749R9L,,smt,"Resistor, small symbol",603-AC0603FR-0749R9L,,,,,,
"R31, R32, R36, R37, R39, R4, R40, R43, R44, R5, R6, R7",12,1.5k,R_0603_1608Metric,,RC0603FR-071K5L,,smt,"Resistor, small symbol", 603-RC0603FR-071K5L,,,,,,
"R33, R38, R45",3,500k,R_0603_1608Metric,,CRCW0603499KFKEA,,smt,"Resistor, small symbol",71-CRCW0603-499K-E3,,,,,,
"R46, R8",2,5.1k,R_0603_1608Metric,,RC0603FR-075K1L,,smt,"Resistor, small symbol",603-RC0603FR-075K1L,,,,,,
"SW1, SW2",2,SW_SPDT,SW_SPDT_PCM12,, PCM12SMTBR,,smt,"Switch, single pole double throw", 611-PCM12SMTBR,,,,,,
"SW3, SW4, SW5",3,EVP-BB1AAB000,EVPBB2A9B000,,EVP-BB1AAB000,,smt,Tactile Switches 2.6x1.6x0.5mm 1N 0.08mm Travel, 667-EVP-BB1AAB000,,,,Tactile Switches 2.6x1.6x0.5mm 1N 0.08mm Travel,0,https://www.mouser.co.uk/ProductDetail/Panasonic/EVP-BB1AAB000?qs=f9yNj16SXrKiqfR0eFFobA%3D%3D
"U11, U6, U8",3,nPM1300-QEXX,QFN-32-1EP_5x5mm_P0.5mm_EP3.6x3.6mm_ThermalVias,,nPM1300-QEAA-R7,,smt,"PMIC, LED Driver, Battery Charger, QFN-32",949-NPM1300-QEAA-R7,,,,,,
"U3, U4, U9",3,ISP1807-LR-RS,ISP1807-LR-RS,,ISP1807-LR-RS,,smt,,359-ISP1807-LR-RS,,,,,,
