﻿Designator,Quantity,Value,Footprint,Package,MPN,DNP,Mount_Type,Description,Sim.Device,Sim.Pins,LCSC Part Number,Specifications,Manufacturer,Display,JLCPCB ID
CH10,1,RotaryEncoder_Switch,RotaryEncoder_Bourns_Vertical_PEL11L-4xxxF-Sxxxx_1,,,,tht,"Rotary encoder, dual channel, incremental quadrate outputs, with switch",,,,,,,
"D1, D2, D3, D4, D5, D6, D7, D8, D9",9,D,Nexperia_CFP3_SOD-123W,,,,smt,Diode,D,1=K 2=A,,,,,
"LED1, LED2, LED3, LED4, LED5, LED6, LED7, LED8, LED9",9,~,LED_0805_2012Metric,,,,smt,"940nm, 20 deg, Infrared LED, 1206",,,,,,,
Q1,1,AO3416 N-channel MOSFET,SOT-23,,AO3416,,smt,,,,C479060,,,,
"R1, R2, R3, R4, R5, R6, R7, R8, R9",9,100,R_0805_2012Metric,,,,smt,Resistor,,,,,,,
R10,1,4.7k,R_0805_2012Metric,,PF1206FRF070R01L,,smt,"10mΩ, 10mOhm, Min. 250mW, 100PPM/C",,,,"10mΩ, 10mOhm, Min. 250mW, 100PPM/C",Yageo,10mΩ/250mW,C127703
SW1,1,CK_KMS2xxG,SW_SPST_CK_KMS2xxGP,,,,smt,"Microminiature SMT Side Actuated, 4.2 x 2.8 x 1.42mm, without pegs, with shield pin",,,,,,,
SW2,1,SW_Wuerth_450301014042,SW_SPDT_PCM12,,,,smt,"Switch slide, single pole double throw",,,,,,,
U1,1,~,Salt-smallest,,,,tht,,,,,,,,
"U2, U3",2,~,MountingHole_2.2mm_M2,,,,tht,,,,,,,,
