﻿pos_x,pos_y,rotation,side,designator,mpn,pack,footprint,value,mount_type
42.842,-30.729996,-90.0,top,Brd1,,,128x64OLED_0.91,SSD1306,tht
32.81,-49.78,0.0,top,CH1,,,SW_Hotswap_Kailh_Choc_V1V2_LED_1.00u,KSwitch,smt
69.06,-49.67,0.0,top,CH10,,,RotaryEncoder_Bourns_Vertical_PEL11L-4xxxF-Sxxxx_1,RotaryEncoder_Switch,tht
32.81,-66.94,0.0,top,CH2,,,SW_Hotswap_Kailh_Choc_V1V2_LED_1.00u,KSwitch,smt
32.81,-84.091,0.0,top,CH3,,,SW_Hotswap_Kailh_Choc_V1V2_LED_1.00u,KSwitch,smt
50.97,-49.78,0.0,top,CH4,,,SW_Hotswap_Kailh_Choc_V1V2_LED_1.00u,KSwitch,smt
50.97,-66.94,0.0,top,CH5,,,SW_Hotswap_Kailh_Choc_V1V2_LED_1.00u,KSwitch,smt
50.97,-84.091,0.0,top,CH6,,,SW_Hotswap_Kailh_Choc_V1V2_LED_1.00u,KSwitch,smt
69.17,-49.779,0.0,top,CH7,,,SW_Kailh_Choc_V1V2_1.00u,KSwitch,tht
69.17,-66.939,0.0,top,CH8,,,SW_Hotswap_Kailh_Choc_V1V2_LED_1.00u,KSwitch,smt
69.17,-84.09,0.0,top,CH9,,,SW_Hotswap_Kailh_Choc_V1V2_LED_1.00u,KSwitch,smt
39.3,-42.491,0.0,bottom,D1,,,Nexperia_CFP3_SOD-123W,D,smt
39.3,-59.651,0.0,bottom,D2,,,Nexperia_CFP3_SOD-123W,D,smt
39.3,-76.802,0.0,bottom,D3,,,Nexperia_CFP3_SOD-123W,D,smt
57.46,-42.491,0.0,bottom,D4,,,Nexperia_CFP3_SOD-123W,D,smt
57.46,-59.651,0.0,bottom,D5,,,Nexperia_CFP3_SOD-123W,D,smt
57.46,-76.802,0.0,bottom,D6,,,Nexperia_CFP3_SOD-123W,D,smt
75.66,-42.49,0.0,bottom,D7,,,Nexperia_CFP3_SOD-123W,D,smt
75.66,-59.65,0.0,bottom,D8,,,Nexperia_CFP3_SOD-123W,D,smt
75.66,-76.801,0.0,bottom,D9,,,Nexperia_CFP3_SOD-123W,D,smt
32.77,-54.45,180.0,top,LED1,,,LED_0805_2012Metric,~,smt
32.77,-71.61,180.0,top,LED2,,,LED_0805_2012Metric,~,smt
32.77,-88.761,180.0,top,LED3,,,LED_0805_2012Metric,~,smt
50.93,-54.45,180.0,top,LED4,,,LED_0805_2012Metric,~,smt
50.93,-71.61,180.0,top,LED5,,,LED_0805_2012Metric,~,smt
50.93,-88.761,180.0,top,LED6,,,LED_0805_2012Metric,~,smt
69.13,-54.449,180.0,top,LED7,,,LED_0805_2012Metric,~,smt
69.13,-71.609,180.0,top,LED8,,,LED_0805_2012Metric,~,smt
69.13,-88.76,180.0,top,LED9,,,LED_0805_2012Metric,~,smt
70.019999,-36.5525,-90.0,bottom,Q1,AO3416,,SOT-23,AO3416 N-channel MOSFET,smt
36.27,-53.56,90.0,bottom,R1,,,R_0805_2012Metric,100,smt
70.02,-33.61,180.0,bottom,R10,PF1206FRF070R01L,,R_0805_2012Metric,4.7k,smt
36.27,-70.72,90.0,bottom,R2,,,R_0805_2012Metric,100,smt
36.27,-87.871,90.0,bottom,R3,,,R_0805_2012Metric,100,smt
54.43,-53.56,90.0,bottom,R4,,,R_0805_2012Metric,100,smt
54.43,-70.72,90.0,bottom,R5,,,R_0805_2012Metric,100,smt
54.43,-87.871,90.0,bottom,R6,,,R_0805_2012Metric,100,smt
72.63,-53.559,90.0,bottom,R7,,,R_0805_2012Metric,100,smt
72.63,-70.719,90.0,bottom,R8,,,R_0805_2012Metric,100,smt
72.63,-87.87,90.0,bottom,R9,,,R_0805_2012Metric,100,smt
60.56,-21.205,180.0,top,SW1,,,SW_SPST_CK_KMS2xxGP,CK_KMS2xxG,smt
68.019999,-21.735001,180.0,top,SW2,,,SW_SPDT_PCM12,SW_Wuerth_450301014042,smt
41.49,-30.72,0.0,top,U4,,,nice_nano,nice_nano,tht
