Item #,*Designator,*Qty,Manufacturer,*Mfg Part #,Description / Value,*Package/Footprint ,Type,Your Instructions / Notes
1,"C100, C73",2,,CL05B473KO5NNNC,47nF,C_0402_1005Metric,SMD,
2,"C101, C102, C64, C65, C74, C75, C91, C92",8,,CL05C150JB51PNC,15pF,C_0402_1005Metric,SMD,
3,"C103, C109, C112, C113, C115, C70, C71, C76, C82, C85, C86, C88, C97, C98",14,,CL05A105KO5NNNC,4.7uF,C_0402_1005Metric,SMD,
4,"C104, C105, C107, C108, C67, C77, C78, C80, C81, C94",10,,CL05B104KA5NNNC,100nF,C_0402_1005Metric,SMD,
5,"C106, C79",2,,CL05B103KB5NNNC,10nF,C_0402_1005Metric,SMD,
6,"C110, C72, C83, C99",4,,CL05A105KO5NNNC,1uF,C_0402_1005Metric,SMD,
7,"C111, C84",2,,CL05B102KO5NNWC,1000pF/NC,C_0402_1005Metric,SMD,
8,"C114, C87",2,,CL10A106KP8NNNC,10uF,C_0603_1608Metric,SMD,
9,"C62, C89",2,,CL05C1R5CB5NNNC,1.5pF,C_0402_1005Metric,SMD,
10,"C63, C66, C90, C93",4,,CL05C010CB5NNNC,1pF,C_0402_1005Metric,SMD,
11,"C68, C95",2,,CL05C101JB5NNNC,100pF,C_0402_1005Metric,SMD,
12,"C69, C96",2,,CL05B102KB5NNNC,1nF,C_0402_1005Metric,SMD,
13,"D102, D103, D104, D105, D106, D107, D108, D109, D110, D111, D112, D113, D54, D55, D56, D57, D58, D59, D60, D61, D62, D63, D64, D65, D66, D67, D68, D69, D70, D71, D72, D73, D74, D75, D76, D77, D78, D79, D80, D81, D82, D83, D84, D85, D86, D87, D88, D89, D90, D91, D92, D93",52,,1N4448X-TP,D_Small,D_SOD-523,SMD,
14,"D50, D94",2,,19-217/BHC-ZL1M2RY/3T,BLUE,LED_0402_1005Metric,SMD,
15,"D51, D95",2,,19-217/BHC-ZL1M2RY/3T,CAPS,LED_0402_1005Metric,SMD,
16,"D52, D96",2,,PMEG4010CEJ,B5819WT,D_SOD-523,SMD,
17,"D53, D97",2,,19-217/S2C-AQ1R1B/3T,CHG,LED_0402_1005Metric,SMD,
18,"L50, L54",2,,MLG1005S3N9BT000,3.9nH,L_0402_1005Metric,SMD,
19,"L51, L55",2,,MLG1005S15NJT000,15nH,L_0402_1005Metric,SMD,
20,"L52, L53, L56, L57",4,,MLF1608E100KTD00,10uH,L_0603_1608Metric,SMD,
21,"LED100, LED101, LED50, LED51, LED52, LED53, LED54, LED55, LED56, LED57, LED58, LED59, LED60, LED61, LED62, LED63, LED64, LED65, LED66, LED67, LED68, LED69, LED70, LED71, LED72, LED73, LED74, LED75, LED76, LED77, LED78, LED79, LED80, LED81, LED82, LED83, LED84, LED85, LED86, LED87, LED88, LED89, LED90, LED91, LED92, LED93, LED94, LED95, LED96, LED97, LED98, LED99",52,,SMLP14WBCN1W1,LED_Small,LED_0402_1005Metric,SMD,
22,"LR100, LR101, LR50, LR51, LR52, LR53, LR54, LR55, LR56, LR57, LR58, LR59, LR60, LR61, LR62, LR63, LR64, LR65, LR66, LR67, LR68, LR69, LR70, LR71, LR72, LR73, LR74, LR75, LR76, LR77, LR78, LR79, LR80, LR81, LR82, LR83, LR84, LR85, LR86, LR87, LR88, LR89, LR90, LR91, LR92, LR93, LR94, LR95, LR96, LR97, LR98, LR99",52,,RK73H1ETTP1000F,R_Small,R_0402_1005Metric,SMD,
23,"P50, P51",2,,TYPE-C-31-M-12,USB-C,USB_C_Receptacle_HRO_TYPE-C-31-M-16,SMD,
24,"Q50, Q51, Q52",3,,AO3416,AO3416 N-channel MOSFET,SOT-23,SMD,
25,"R66, R79",2,,RC0402FR-070RL,0R,R_0402_1005Metric,SMD,
26,"R67, R68, R80, R81",4,,RC0402FR-072ML,2M,R_0603_1608Metric,SMD,
27,"R69, R82",2,,RC0402FR-0710ML,10M,R_0402_1005Metric,SMD,
28,"R70, R71, R83, R84",4,,RC0402FR-071K5L,1.5k,R_0402_1005Metric,SMD,
29,"R72, R85",2,,C26083,1M,R_0402_1005Metric,SMD,
30,"R73, R86, R92",3,,RMCF0402FT4K70,4.7k,R_0402_1005Metric_Pad0.72x0.64mm_HandSolder,SMD,
31,"R74, R87",2,,RC0402FR-0710KL,10k,R_0402_1005Metric,SMD,
32,"R75, R88",2,,RC0402FR-0710KL,470R,R_0402_1005Metric,SMD,
33,"R76, R77, R89, R90",4,,RC0402FR-075K1L,5.1k,R_0402_1005Metric,SMD,
34,"R78, R91",2,,RC0402FR-072ML,2M,R_0402_1005Metric,SMD,
35,"SW50, SW52, SW55",3,,PCM12SMTR,SW_SPST,SW_SPDT_PCM12,SMD,
36,"SW51, SW53, SW54",3,,EVP-BB4A9B000,Reset,SW4-SMD-2.8-2.6X1.6X0.53MM,SMD,
37,"U54, U59",2,,NRF52840-QIAA-R,nRF52840,Nordic_AQFN-73-1EP_7x7mm_P0.5mm,SMD,
38,"U55, U60",2,,MAX17048G+T10,MAX17048,TDFN-8-1EP_2x2mm_P0.5mm_EP0.8x1.2mm,SMD,
39,"U56, U61",2,,MCP73831T-2ACI/MC,MCP73831-2-MC,DFN-8-1EP_3x2mm_P0.5mm_EP1.7x1.4mm,SMD,
40,"U57, U62",2,,ESDR0502NMUTBG,ESDR0502NMUTAG,UDFN-6_1.2x1.0mm_P0.4mm,SMD,
41,"U58, U63",2,,XC6220B331MR-G?,XC6220B331MR,SOT-23-5,SMD,
42,"Y51, Y53",2,,Q22FA1280001800,32MHz,Crystal_SMD_2016-4Pin_2.0x1.6mm,SMD,
43,"Y52, Y54",2,,SC20S-12.5PF20PPM,32.768 kHz,Crystal_SMD_2012-2Pin_2.0x1.2mm,SMD,
