﻿pos_x,pos_y,rotation,side,designator,mpn,pack,footprint,value,mount_type
168.116141,95.895279,90.0,bottom,C1,,,C_0402_1005Metric,4.7uF,smt
157.961691,97.073713,-90.0,bottom,C10,,,C_0402_1005Metric,1.5pF,smt
158.22612,100.675276,-90.0,bottom,C11,,,C_0402_1005Metric,1pF,smt
159.576118,102.655266,-90.0,bottom,C12,,,C_0402_1005Metric,1pF,smt
170.606129,98.905268,90.0,bottom,C13,,,C_0402_1005Metric,4.7uF,smt
170.456119,108.165269,0.0,bottom,C16,,,C_0402_1005Metric,100nF,smt
162.231856,95.248407,90.0,bottom,C17,,,C_0402_1005Metric,100nF,smt
162.716133,108.305259,-90.0,bottom,C18,,,C_0402_1005Metric,100nF,smt
171.156121,96.490294,0.0,bottom,C19,,,C_0402_1005Metric,4.7uF,smt
158.036128,104.485262,0.0,bottom,C2,,,C_0402_1005Metric,1uF,smt
164.83613,94.46527,90.0,bottom,C20,,,C_0402_1005Metric,1uF,smt
157.646123,107.885283,90.0,bottom,C21,,,C_0402_1005Metric,15pF,smt
161.736132,108.305278,90.0,bottom,C22,,,C_0402_1005Metric,15pF,smt
163.246129,91.70027,-90.0,bottom,C23,,,C_0402_1005Metric,10nF,smt
163.974256,131.142216,-175.0,bottom,C24,,,C_0402_1005Metric,1000pF/NC,smt
86.53464,91.958592,90.0,bottom,C25,,,C_0402_1005Metric,1.5pF,smt
86.274675,88.363428,90.0,bottom,C26,,,C_0402_1005Metric,1pF,smt
86.854644,81.148583,-90.0,bottom,C27,,,C_0402_1005Metric,15pF,smt
82.764644,80.728587,-90.0,bottom,C28,,,C_0402_1005Metric,15pF,smt
84.919713,86.378589,90.0,bottom,C29,,,C_0402_1005Metric,1pF,smt
167.026131,107.535262,0.0,bottom,C3,,,C_0402_1005Metric,47nF,smt
74.044664,81.838578,180.0,bottom,C30,,,C_0402_1005Metric,100nF,smt
86.474645,83.55858,0.0,bottom,C31,,,C_0402_1005Metric,100pF,smt
83.679721,93.493419,90.0,bottom,C32,,,C_0402_1005Metric,1nF,smt
75.404642,93.148589,90.0,bottom,C33,,,C_0402_1005Metric,4.7uF,smt
76.384636,93.148596,-90.0,bottom,C34,,,C_0402_1005Metric,4.7uF,smt
86.46972,84.55341,180.0,bottom,C35,,,C_0402_1005Metric,1uF,smt
77.46972,81.503427,180.0,bottom,C36,,,C_0402_1005Metric,47nF,smt
74.034654,83.848578,0.0,bottom,C37,,,C_0402_1005Metric,15pF,smt
72.624652,85.948579,90.0,bottom,C38,,,C_0402_1005Metric,15pF,smt
73.894656,90.128582,90.0,bottom,C39,,,C_0402_1005Metric,4.7uF,smt
169.096127,95.88527,-90.0,bottom,C4,,,C_0402_1005Metric,4.7uF,smt
74.044641,80.86859,0.0,bottom,C40,,,C_0402_1005Metric,100nF,smt
81.439729,99.873433,90.0,bottom,C41,,,C_0402_1005Metric,10nF,smt
82.174632,94.278577,-90.0,bottom,C42,,,C_0402_1005Metric,100nF,smt
81.784639,80.728582,90.0,bottom,C43,,,C_0402_1005Metric,100nF,smt
73.484643,92.368595,180.0,bottom,C44,,,C_0402_1005Metric,4.7uF,smt
79.662925,93.986082,-90.0,bottom,C45,,,C_0402_1005Metric,1uF,smt
81.915552,131.923805,-5.0,bottom,C46,,,C_0402_1005Metric,1000pF/NC,smt
172.416127,119.000283,-90.0,bottom,C49,,,C_0603_1608Metric,10uF,smt
160.81613,95.545273,-90.0,bottom,C5,,,C_0402_1005Metric,1nF,smt
172.241114,67.447339,90.0,bottom,C50,,,C_0805_2012Metric,C,smt
174.271122,69.407355,180.0,bottom,C51,,,C_0402_1005Metric,C_Small,smt
174.451106,71.562342,-90.0,bottom,C52,,,C_0603_1608Metric,C_Small,smt
165.191118,78.327343,90.0,bottom,C53,,,C_0402_1005Metric,C_Small,smt
164.21614,78.327341,90.0,bottom,C54,,,C_0402_1005Metric,C_Small,smt
174.271113,76.967353,180.0,bottom,C55,,,C_0402_1005Metric,C_Small,smt
167.111118,78.712341,90.0,bottom,C56,,,C_0402_1005Metric,C_Small,smt
170.751124,78.072343,0.0,bottom,C57,,,C_0402_1005Metric,C_Small,smt
166.611129,81.632347,90.0,bottom,C58,,,C_0805_2012Metric,C,smt
175.111123,78.642337,90.0,bottom,C59,,,C_0402_1005Metric,C_Small,smt
158.026116,105.485269,180.0,bottom,C6,,,C_0402_1005Metric,100pF,smt
173.801109,78.622335,90.0,bottom,C60,,,C_0402_1005Metric,C_Small,smt
170.746127,86.172356,0.0,bottom,C61,,,C_0402_1005Metric,C_Small,smt
172.246127,115.930283,0.0,bottom,C62,,,C_0402_1005Metric,4.7uF,smt
80.302212,108.630922,180.0,bottom,C63,,,C_0603_1608Metric,10uF,smt
80.845525,112.123832,90.0,bottom,C64,,,C_0402_1005Metric,4.7uF,smt
175.196136,101.080286,-90.0,bottom,C65,,,C_0402_1005Metric,100nF,smt
67.345548,87.773814,90.0,bottom,C66,,,C_0402_1005Metric,100nF,smt
162.097459,88.650292,90.0,bottom,C67,,,C_0402_1005Metric,4.7uF,smt
81.119734,105.533431,-90.0,bottom,C68,,,C_0402_1005Metric,4.7uF,smt
168.57612,88.150292,-90.0,bottom,C69,,,C_0402_1005Metric,4.7uF,smt
170.466124,107.205273,180.0,bottom,C7,,,C_0402_1005Metric,100nF,smt
76.779742,106.313413,90.0,bottom,C70,,,C_0402_1005Metric,4.7uF,smt
170.466121,105.185268,180.0,bottom,C8,,,C_0402_1005Metric,15pF,smt
171.876117,103.085271,-90.0,bottom,C9,,,C_0402_1005Metric,15pF,smt
66.855553,135.66382,-5.0,top,D10,,,LED_0402_1005Metric,CHG,smt
209.044129,96.506231,180.0,bottom,D100,,,D_0402_1005Metric,D_Small,smt
225.964015,96.499721,180.0,bottom,D101,,,D_0402_1005Metric,D_Small,smt
186.850346,76.958199,175.0,bottom,D102,,,D_0402_1005Metric,D_Small,smt
203.746241,75.480504,175.0,bottom,D103,,,D_0402_1005Metric,D_Small,smt
220.642154,74.002802,175.0,bottom,D104,,,D_0402_1005Metric,D_Small,smt
170.694291,59.728794,155.0,bottom,D105,,,D_0402_1005Metric,D_Small,smt
186.06586,52.561481,155.0,bottom,D106,,,D_0402_1005Metric,D_Small,smt
201.437405,45.394152,155.0,bottom,D107,,,D_0402_1005Metric,D_Small,smt
167.173123,41.151926,155.0,bottom,D108,,,D_0402_1005Metric,D_Small,smt
182.544668,33.984615,155.0,bottom,D109,,,D_0402_1005Metric,D_Small,smt
82.556143,113.114678,-30.0,bottom,D110,,,D_0402_1005Metric,D_Small,smt
91.9549,129.354122,-35.0,bottom,D111,,,D_0402_1005Metric,D_Small,smt
102.806947,144.653662,-40.0,bottom,D112,,,D_0402_1005Metric,D_Small,smt
26.623483,121.267942,-5.0,bottom,D113,,,D_0402_1005Metric,D_Small,smt
43.51891,119.789261,-5.0,bottom,D114,,,D_0402_1005Metric,D_Small,smt
60.414116,118.310646,-5.0,bottom,D115,,,D_0402_1005Metric,D_Small,smt
21.529544,102.545063,-5.0,bottom,D116,,,D_0402_1005Metric,D_Small,smt
38.425375,101.06638,-5.0,bottom,D117,,,D_0402_1005Metric,D_Small,smt
55.321197,99.587679,-5.0,bottom,D118,,,D_0402_1005Metric,D_Small,smt
19.735708,79.865798,0.0,bottom,D119,,,D_0402_1005Metric,D_Small,smt
36.696112,79.865313,0.0,bottom,D120,,,D_0402_1005Metric,D_Small,smt
53.656504,79.864777,0.0,bottom,D121,,,D_0402_1005Metric,D_Small,smt
26.542093,57.426402,5.0,bottom,D122,,,D_0402_1005Metric,D_Small,smt
43.438013,58.904101,5.0,bottom,D123,,,D_0402_1005Metric,D_Small,smt
60.333907,60.381777,5.0,bottom,D124,,,D_0402_1005Metric,D_Small,smt
51.303626,30.312675,25.0,bottom,D125,,,D_0402_1005Metric,D_Small,smt
66.675182,37.48001,25.0,bottom,D126,,,D_0402_1005Metric,D_Small,smt
82.046742,44.647348,25.0,bottom,D127,,,D_0402_1005Metric,D_Small,smt
70.196368,18.903135,25.0,bottom,D128,,,D_0402_1005Metric,D_Small,smt
85.567909,26.070468,25.0,bottom,D129,,,D_0402_1005Metric,D_Small,smt
232.675675,77.59473,180.0,top,D22,,,LED_0402_1005Metric,CAPS,smt
13.040549,77.464226,0.0,top,D23,,,LED_0402_1005Metric,CAPS,smt
232.67567,99.044325,180.0,top,D3,,,LED_0402_1005Metric,BLUE,smt
13.040556,98.913818,0.0,top,D4,,,LED_0402_1005Metric,BLUE,smt
169.936118,116.69028,90.0,bottom,D7,,,D_SOD-523,B5819WT,smt
75.01973,109.963419,90.0,bottom,D8,,,D_SOD-523,B5819WT,smt
178.844158,135.701383,-175.0,top,D9,,,LED_0402_1005Metric,CHG,smt
132.24766,157.34575,-140.0,bottom,D90,,,D_0402_1005Metric,D_Small,smt
144.227222,142.969676,-145.0,bottom,D91,,,D_0402_1005Metric,D_Small,smt
154.85401,127.578958,-150.0,bottom,D92,,,D_0402_1005Metric,D_Small,smt
183.881975,134.889975,-175.0,bottom,D93,,,D_0402_1005Metric,D_Small,smt
200.737448,136.358122,-175.0,bottom,D94,,,D_0402_1005Metric,D_Small,smt
217.591802,137.839204,-175.0,bottom,D95,,,D_0402_1005Metric,D_Small,smt
188.974894,116.167007,-175.0,bottom,D96,,,D_0402_1005Metric,D_Small,smt
205.830978,117.635205,-175.0,bottom,D97,,,D_0402_1005Metric,D_Small,smt
222.726786,119.113896,-175.0,bottom,D98,,,D_0402_1005Metric,D_Small,smt
192.043234,96.498719,180.0,bottom,D99,,,D_0402_1005Metric,D_Small,smt
2.5,170.149999,0.0,top,FID50,,,Fiducial_0.5mm_Mask1.5mm,Fiducial,smt
2.5,170.149999,180.0,bottom,FID50,,,Fiducial_0.5mm_Mask1.5mm,Fiducial,smt
243.248926,170.15,180.0,bottom,FID51,,,Fiducial_0.5mm_Mask1.5mm,Fiducial,smt
243.248926,170.149999,0.0,top,FID51,,,Fiducial_0.5mm_Mask1.5mm,Fiducial,smt
2.5,2.5,180.0,bottom,FID52,,,Fiducial_0.5mm_Mask1.5mm,Fiducial,smt
2.5,2.5,0.0,top,FID52,,,Fiducial_0.5mm_Mask1.5mm,Fiducial,smt
243.248926,2.499999,180.0,bottom,FID53,,,Fiducial_0.5mm_Mask1.5mm,Fiducial,smt
243.248926,2.499999,0.0,top,FID53,,,Fiducial_0.5mm_Mask1.5mm,Fiducial,smt
209.044117,88.219231,-90.0,top,H100,,,SwitchHoles_Kailh_Choc_V1V2,SwitchHoles,smt
225.96402,88.212722,-90.0,top,H101,,,SwitchHoles_Kailh_Choc_V1V2,SwitchHoles,smt
186.128099,68.702724,-95.0,top,H102,,,SwitchHoles_Kailh_Choc_V1V2,SwitchHoles,smt
203.023992,67.225037,-95.0,top,H103,,,SwitchHoles_Kailh_Choc_V1V2,SwitchHoles,smt
219.919898,65.747356,-95.0,top,H104,,,SwitchHoles_Kailh_Choc_V1V2,SwitchHoles,smt
167.192063,52.218229,-115.0,top,H105,,,SwitchHoles_Kailh_Choc_V1V2,SwitchHoles,smt
182.563608,45.0509,-115.0,top,H106,,,SwitchHoles_Kailh_Choc_V1V2,SwitchHoles,smt
197.935157,37.883583,-115.0,top,H107,,,SwitchHoles_Kailh_Choc_V1V2,SwitchHoles,smt
163.67089,33.641341,-115.0,top,H108,,,SwitchHoles_Kailh_Choc_V1V2,SwitchHoles,smt
179.042429,26.47402,-115.0,top,H109,,,SwitchHoles_Kailh_Choc_V1V2,SwitchHoles,smt
86.699628,120.291446,60.0,top,H110,,,SwitchHoles_Kailh_Choc_V1V2,SwitchHoles,smt
96.713863,136.138419,55.0,top,H111,,,SwitchHoles_Kailh_Choc_V1V2,SwitchHoles,smt
108.139098,150.997369,50.0,top,H112,,,SwitchHoles_Kailh_Choc_V1V2,SwitchHoles,smt
27.352694,129.522798,85.0,top,H113,,,SwitchHoles_Kailh_Choc_V1V2,SwitchHoles,smt
44.248139,128.044128,85.0,top,H114,,,SwitchHoles_Kailh_Choc_V1V2,SwitchHoles,smt
61.143346,126.565491,85.0,top,H115,,,SwitchHoles_Kailh_Choc_V1V2,SwitchHoles,smt
22.25879,110.799912,85.0,top,H116,,,SwitchHoles_Kailh_Choc_V1V2,SwitchHoles,smt
39.154617,109.321223,85.0,top,H117,,,SwitchHoles_Kailh_Choc_V1V2,SwitchHoles,smt
56.050441,107.842518,85.0,top,H118,,,SwitchHoles_Kailh_Choc_V1V2,SwitchHoles,smt
19.742731,88.152795,90.0,top,H119,,,SwitchHoles_Kailh_Choc_V1V2,SwitchHoles,smt
36.703115,88.152285,90.0,top,H120,,,SwitchHoles_Kailh_Choc_V1V2,SwitchHoles,smt
53.663505,88.151811,90.0,top,H121,,,SwitchHoles_Kailh_Choc_V1V2,SwitchHoles,smt
25.826808,65.682434,95.0,top,H122,,,SwitchHoles_Kailh_Choc_V1V2,SwitchHoles,smt
42.722721,67.160163,95.0,top,H123,,,SwitchHoles_Kailh_Choc_V1V2,SwitchHoles,smt
59.618641,68.637836,95.0,top,H124,,,SwitchHoles_Kailh_Choc_V1V2,SwitchHoles,smt
47.807721,37.826205,115.0,top,H125,,,SwitchHoles_Kailh_Choc_V1V2,SwitchHoles,smt
63.179288,44.993536,115.0,top,H126,,,SwitchHoles_Kailh_Choc_V1V2,SwitchHoles,smt
78.550826,52.16086,115.0,top,H127,,,SwitchHoles_Kailh_Choc_V1V2,SwitchHoles,smt
66.700475,26.416663,115.0,top,H128,,,SwitchHoles_Kailh_Choc_V1V2,SwitchHoles,smt
82.072024,33.583977,115.0,top,H129,,,SwitchHoles_Kailh_Choc_V1V2,SwitchHoles,smt
94.348168,76.001912,90.0,top,H50,,,mouse-bite-5mm-10mm,MouseBite,tht
94.33817,54.941909,90.0,top,H51,,,mouse-bite-5mm-10mm,MouseBite,tht
151.358168,76.001913,90.0,top,H52,,,mouse-bite-5mm-10mm,MouseBite,tht
151.35817,54.941909,90.0,top,H53,,,mouse-bite-5mm-10mm,MouseBite,tht
133.15817,31.011911,0.0,top,H54,,,mouse-bite-5mm-10mm,MouseBite,tht
112.088169,31.051912,0.0,top,H55,,,mouse-bite-5mm-10mm,MouseBite,tht
238.234756,87.999999,90.0,top,H56,,,mouse-bite-5mm-10mm,MouseBite,tht
7.494756,87.999999,90.0,top,H57,,,mouse-bite-5mm-10mm,MouseBite,tht
129.819011,161.306456,40.0,top,H58,,,mouse-bite-5mm-10mm,MouseBite,tht
115.900996,161.306456,-40.0,top,H59,,,mouse-bite-5mm-10mm,MouseBite,tht
137.574445,150.997537,-50.0,top,H90,,,SwitchHoles_Kailh_Choc_V1V2,SwitchHoles,smt
148.980463,136.181358,-55.0,top,H91,,,SwitchHoles_Kailh_Choc_V1V2,SwitchHoles,smt
158.99751,120.402205,-60.0,top,H92,,,SwitchHoles_Kailh_Choc_V1V2,SwitchHoles,smt
184.604228,126.634519,-85.0,top,H93,,,SwitchHoles_Kailh_Choc_V1V2,SwitchHoles,smt
201.459704,128.102651,-85.0,top,H94,,,SwitchHoles_Kailh_Choc_V1V2,SwitchHoles,smt
218.31408,129.583725,-85.0,top,H95,,,SwitchHoles_Kailh_Choc_V1V2,SwitchHoles,smt
189.697167,107.911554,-85.0,top,H96,,,SwitchHoles_Kailh_Choc_V1V2,SwitchHoles,smt
206.553236,109.379734,-85.0,top,H97,,,SwitchHoles_Kailh_Choc_V1V2,SwitchHoles,smt
223.449053,110.858434,-85.0,top,H98,,,SwitchHoles_Kailh_Choc_V1V2,SwitchHoles,smt
192.04322,88.211729,-90.0,top,H99,,,SwitchHoles_Kailh_Choc_V1V2,SwitchHoles,smt
193.40782,23.46216,-25.0,top,J53,,,PinHeader_2x04_P2.54mm_Vertical_SMD,Conn_02x04_Odd_Even,smt
52.419655,23.201898,25.0,top,J54,,,PinHeader_2x04_P2.54mm_Vertical_SMD,Conn_02x04_Odd_Even,smt
204.146617,90.726222,-90.0,top,KHS100,,,Kailh_HS_Socket,KHS,smt
221.066515,90.719726,-90.0,top,KHS101,,,Kailh_HS_Socket,KHS,smt
181.46772,71.627047,-95.0,top,KHS102,,,Kailh_HS_Socket,KHS,smt
198.363621,70.149352,-95.0,top,KHS103,,,Kailh_HS_Socket,KHS,smt
215.259535,68.671648,-95.0,top,KHS104,,,Kailh_HS_Socket,KHS,smt
163.812929,56.560107,-115.0,top,KHS105,,,Kailh_HS_Socket,KHS,smt
179.184466,49.392785,-115.0,top,KHS106,,,Kailh_HS_Socket,KHS,smt
194.556018,42.225469,-115.0,top,KHS107,,,Kailh_HS_Socket,KHS,smt
160.291746,37.983235,-115.0,top,KHS108,,,Kailh_HS_Socket,KHS,smt
175.663283,30.815918,-115.0,top,KHS109,,,Kailh_HS_Socket,KHS,smt
89.687503,115.671587,60.0,top,KHS110,,,Kailh_HS_Socket,KHS,smt
99.281958,131.279721,55.0,top,KHS111,,,Kailh_HS_Socket,KHS,smt
110.273969,145.933354,50.0,top,KHS112,,,Kailh_HS_Socket,KHS,smt
32.006109,126.599098,85.0,top,KHS113,,,Kailh_HS_Socket,KHS,smt
48.901526,125.120441,85.0,top,KHS114,,,Kailh_HS_Socket,KHS,smt
65.796756,123.641807,85.0,top,KHS115,,,Kailh_HS_Socket,KHS,smt
26.91221,107.876206,85.0,top,KHS116,,,Kailh_HS_Socket,KHS,smt
43.808019,106.397524,85.0,top,KHS117,,,Kailh_HS_Socket,KHS,smt
60.703811,104.918837,85.0,top,KHS118,,,Kailh_HS_Socket,KHS,smt
24.63323,85.645783,90.0,top,KHS119,,,Kailh_HS_Socket,KHS,smt
41.593618,85.645295,90.0,top,KHS120,,,Kailh_HS_Socket,KHS,smt
58.554008,85.644798,90.0,top,KHS121,,,Kailh_HS_Socket,KHS,smt
30.917205,63.611234,95.0,top,KHS122,,,Kailh_HS_Socket,KHS,smt
47.813088,65.088918,95.0,top,KHS123,,,Kailh_HS_Socket,KHS,smt
64.709008,66.566631,95.0,top,KHS124,,,Kailh_HS_Socket,KHS,smt
53.299545,37.620904,115.0,top,KHS125,,,Kailh_HS_Socket,KHS,smt
68.671095,44.788242,115.0,top,KHS126,,,Kailh_HS_Socket,KHS,smt
84.04266,51.955574,115.0,top,KHS127,,,Kailh_HS_Socket,KHS,smt
72.192264,26.211369,115.0,top,KHS128,,,Kailh_HS_Socket,KHS,smt
87.563835,33.378684,115.0,top,KHS129,,,Kailh_HS_Socket,KHS,smt
132.211264,149.769951,-50.0,top,KHS90,,,Kailh_HS_Socket,KHS,smt
143.530707,135.425901,-55.0,top,KHS91,,,Kailh_HS_Socket,KHS,smt
153.502651,120.124593,-60.0,top,KHS92,,,Kailh_HS_Socket,KHS,smt
179.506863,128.705128,-85.0,top,KHS93,,,Kailh_HS_Socket,KHS,smt
196.362349,130.173275,-85.0,top,KHS94,,,Kailh_HS_Socket,KHS,smt
213.216697,131.654358,-85.0,top,KHS95,,,Kailh_HS_Socket,KHS,smt
184.599799,109.982166,-85.0,top,KHS96,,,Kailh_HS_Socket,KHS,smt
201.455865,111.450367,-85.0,top,KHS97,,,Kailh_HS_Socket,KHS,smt
218.351686,112.929032,-85.0,top,KHS98,,,Kailh_HS_Socket,KHS,smt
187.145714,90.718725,-90.0,top,KHS99,,,Kailh_HS_Socket,KHS,smt
167.006131,109.840258,90.0,bottom,L1,,,L_0402_1005Metric,15nH,smt
168.266125,109.545272,-90.0,bottom,L2,,,L_0603_1608Metric,10uH,smt
172.866125,97.500277,-90.0,bottom,L3,,,L_0603_1608Metric,10uH,smt
159.236135,100.660267,90.0,bottom,L4,,,L_0402_1005Metric,3.9nH,smt
85.264654,88.378588,-90.0,bottom,L5,,,L_0402_1005Metric,3.9nH,smt
77.495546,79.19882,-90.0,bottom,L6,,,L_0402_1005Metric,15nH,smt
76.234658,79.498588,90.0,bottom,L7,,,L_0603_1608Metric,10uH,smt
72.644645,90.148593,90.0,bottom,L8,,,L_0603_1608Metric,10uH,smt
214.294661,88.234977,-90.0,top,LED100,,,LED_0402_1005Metric,LED_Small,smt
231.214548,88.22847,-90.0,top,LED101,,,LED_0402_1005Metric,LED_Small,smt
191.359987,68.260822,-95.0,top,LED102,,,LED_0402_1005Metric,LED_Small,smt
208.255899,66.783115,-95.0,top,LED103,,,LED_0402_1005Metric,LED_Small,smt
225.151807,65.305421,-95.0,top,LED104,,,LED_0402_1005Metric,LED_Small,smt
171.957308,50.013527,-115.0,top,LED105,,,LED_0402_1005Metric,LED_Small,smt
187.328865,42.846213,-115.0,top,LED106,,,LED_0402_1005Metric,LED_Small,smt
202.700412,35.678899,-115.0,top,LED107,,,LED_0402_1005Metric,LED_Small,smt
168.436132,31.436664,-115.0,top,LED108,,,LED_0402_1005Metric,LED_Small,smt
183.807669,24.269343,-115.0,top,LED109,,,LED_0402_1005Metric,LED_Small,smt
82.237879,122.983484,60.0,top,LED110,,,LED_0402_1005Metric,LED_Small,smt
92.503723,139.209061,55.0,top,LED111,,,LED_0402_1005Metric,LED_Small,smt
104.21261,154.423299,50.0,top,LED112,,,LED_0402_1005Metric,LED_Small,smt
22.171288,130.077003,85.0,top,LED113,,,LED_0402_1005Metric,LED_Small,smt
39.066731,128.598332,85.0,top,LED114,,,LED_0402_1005Metric,LED_Small,smt
55.961946,127.119689,85.0,top,LED115,,,LED_0402_1005Metric,LED_Small,smt
17.07738,111.354106,85.0,top,LED116,,,LED_0402_1005Metric,LED_Small,smt
33.973199,109.875438,85.0,top,LED117,,,LED_0402_1005Metric,LED_Small,smt
50.869004,108.396747,85.0,top,LED118,,,LED_0402_1005Metric,LED_Small,smt
14.5327,88.253275,90.0,top,LED119,,,LED_0402_1005Metric,LED_Small,smt
31.493123,88.252807,90.0,top,LED120,,,LED_0402_1005Metric,LED_Small,smt
48.453518,88.252291,90.0,top,LED121,,,LED_0402_1005Metric,LED_Small,smt
20.627887,65.328489,95.0,top,LED122,,,LED_0402_1005Metric,LED_Small,smt
37.523784,66.806192,95.0,top,LED123,,,LED_0402_1005Metric,LED_Small,smt
54.419692,68.28388,95.0,top,LED124,,,LED_0402_1005Metric,LED_Small,smt
43.043407,35.715459,115.0,top,LED125,,,LED_0402_1005Metric,LED_Small,smt
58.414925,42.882802,115.0,top,LED126,,,LED_0402_1005Metric,LED_Small,smt
73.786504,50.050098,115.0,top,LED127,,,LED_0402_1005Metric,LED_Small,smt
61.936151,24.305916,115.0,top,LED128,,,LED_0402_1005Metric,LED_Small,smt
77.307665,31.473223,115.0,top,LED129,,,LED_0402_1005Metric,LED_Small,smt
141.66566,154.290157,-50.0,top,LED90,,,LED_0402_1005Metric,LED_Small,smt
153.343088,139.104871,-55.0,top,LED91,,,LED_0402_1005Metric,LED_Small,smt
163.598332,122.93436,-60.0,top,LED92,,,LED_0402_1005Metric,LED_Small,smt
189.844119,126.985033,-85.0,top,LED93,,,LED_0402_1005Metric,LED_Small,smt
206.688893,128.575944,-85.0,top,LED94,,,LED_0402_1005Metric,LED_Small,smt
223.54325,130.057052,-85.0,top,LED95,,,LED_0402_1005Metric,LED_Small,smt
194.926325,108.384849,-85.0,top,LED96,,,LED_0402_1005Metric,LED_Small,smt
211.793123,109.730261,-85.0,top,LED97,,,LED_0402_1005Metric,LED_Small,smt
228.678214,111.331745,-85.0,top,LED98,,,LED_0402_1005Metric,LED_Small,smt
197.293746,88.227462,-90.0,top,LED99,,,LED_0402_1005Metric,LED_Small,smt
213.294652,88.232483,-90.0,top,LR100,,,R_0402_1005Metric,R_Small,smt
230.214536,88.225976,-90.0,top,LR101,,,R_0402_1005Metric,R_Small,smt
190.363595,68.345487,-95.0,top,LR102,,,R_0402_1005Metric,R_Small,smt
207.259501,66.867792,-95.0,top,LR103,,,R_0402_1005Metric,R_Small,smt
224.1554,65.390097,-95.0,top,LR104,,,R_0402_1005Metric,R_Small,smt
171.049947,50.433894,-115.0,top,LR105,,,R_0402_1005Metric,R_Small,smt
186.421506,43.266567,-115.0,top,LR106,,,R_0402_1005Metric,R_Small,smt
201.793046,36.099247,-115.0,top,LR107,,,R_0402_1005Metric,R_Small,smt
167.528767,31.857005,-115.0,top,LR108,,,R_0402_1005Metric,R_Small,smt
182.900316,24.689678,-115.0,top,LR109,,,R_0402_1005Metric,R_Small,smt
83.105159,122.485647,60.0,top,LR110,,,R_0402_1005Metric,R_Small,smt
93.324299,138.63756,55.0,top,LR111,,,R_0402_1005Metric,R_Small,smt
104.980267,153.782413,50.0,top,LR112,,,R_0402_1005Metric,R_Small,smt
23.167711,129.992314,85.0,top,LR113,,,R_0402_1005Metric,R_Small,smt
40.063119,128.51364,85.0,top,LR114,,,R_0402_1005Metric,R_Small,smt
56.958342,127.035019,85.0,top,LR115,,,R_0402_1005Metric,R_Small,smt
18.073795,111.26945,85.0,top,LR116,,,R_0402_1005Metric,R_Small,smt
34.969627,109.790774,85.0,top,LR117,,,R_0402_1005Metric,R_Small,smt
51.865421,108.312052,85.0,top,LR118,,,R_0402_1005Metric,R_Small,smt
15.532704,88.255786,90.0,top,LR119,,,R_0402_1005Metric,R_Small,smt
32.493111,88.255292,90.0,top,LR120,,,R_0402_1005Metric,R_Small,smt
49.453511,88.254792,90.0,top,LR121,,,R_0402_1005Metric,R_Small,smt
21.623859,65.418144,95.0,top,LR122,,,R_0402_1005Metric,R_Small,smt
38.519767,66.895837,95.0,top,LR123,,,R_0402_1005Metric,R_Small,smt
55.415677,68.37354,95.0,top,LR124,,,R_0402_1005Metric,R_Small,smt
43.948654,36.140351,115.0,top,LR125,,,R_0402_1005Metric,R_Small,smt
59.320215,43.307655,115.0,top,LR126,,,R_0402_1005Metric,R_Small,smt
74.69177,50.474996,115.0,top,LR127,,,R_0402_1005Metric,R_Small,smt
62.841381,24.730778,115.0,top,LR128,,,R_0402_1005Metric,R_Small,smt
78.212948,31.898127,115.0,top,LR129,,,R_0402_1005Metric,R_Small,smt
140.901215,153.645439,-50.0,top,LR90,,,R_0402_1005Metric,R_Small,smt
152.525339,138.529234,-55.0,top,LR91,,,R_0402_1005Metric,R_Small,smt
162.733563,122.432195,-60.0,top,LR92,,,R_0402_1005Metric,R_Small,smt
188.84814,126.895376,-85.0,top,LR93,,,R_0402_1005Metric,R_Small,smt
205.69289,128.486307,-85.0,top,LR94,,,R_0402_1005Metric,R_Small,smt
222.547263,129.967394,-85.0,top,LR95,,,R_0402_1005Metric,R_Small,smt
193.930349,108.295197,-85.0,top,LR96,,,R_0402_1005Metric,R_Small,smt
210.797129,109.64061,-85.0,top,LR97,,,R_0402_1005Metric,R_Small,smt
227.682243,111.242092,-85.0,top,LR98,,,R_0402_1005Metric,R_Small,smt
196.293739,88.224971,-90.0,top,LR99,,,R_0402_1005Metric,R_Small,smt
170.14,132.598896,5.0,bottom,P1,,,USB_C_Receptacle_HRO_TYPE-C-31-M-12,USB-C,smt
75.586077,132.440894,-5.0,bottom,P2,,,USB_C_Receptacle_HRO_TYPE-C-31-M-12,USB-C,smt
185.086127,58.7003,-25.0,bottom,Q1,AO3416,,SOT-23,AO3416 N-channel MOSFET,smt
67.330672,56.518963,-155.0,bottom,Q2,AO3416,,SOT-23,AO3416 N-channel MOSFET,smt
159.231694,97.073732,-90.0,bottom,R1,,,R_0402_1005Metric,0R,smt
164.246122,91.670283,90.0,bottom,R10,,,R_0402_1005Metric,10M,smt
163.858063,132.125839,5.0,bottom,R11,,,R_0402_1005Metric,1M,smt
85.264651,91.958582,90.0,bottom,R12,,,R_0402_1005Metric,0R,smt
75.019712,99.363421,-90.0,bottom,R13,,,R_0603_1608Metric,2M,smt
77.489728,99.006072,0.0,bottom,R14,,,R_0603_1608Metric,2M,smt
80.439721,99.883438,-90.0,bottom,R15,,,R_0402_1005Metric,10M,smt
13.035543,98.903819,180.0,bottom,R16,,,R_0402_1005Metric,1.5k,smt
82.005541,132.903821,175.0,bottom,R17,,,R_0402_1005Metric,1M,smt
73.63154,124.442428,-95.0,bottom,R20,,,R_0402_1005Metric,5.1k,smt
76.620121,124.180967,-95.0,bottom,R21,,,R_0402_1005Metric,5.1k,smt
175.386119,119.640273,180.0,bottom,R23,,,R_0402_1005Metric,2M,smt
76.317221,110.840934,90.0,bottom,R24,,,R_0402_1005Metric,2M,smt
163.256128,89.630278,-90.0,bottom,R25,,,R_0402_1005Metric,10k,smt
81.109718,103.533426,90.0,bottom,R26,,,R_0402_1005Metric,10k,smt
177.279693,135.565384,-175.0,bottom,R27,,,R_0402_1005Metric,470,smt
68.412495,135.515794,-5.0,bottom,R28,,,R_0402_1005Metric,470,smt
232.676121,77.590286,0.0,bottom,R31,,,R_0402_1005Metric,1.5k,smt
13.035541,77.463826,180.0,bottom,R32,,,R_0402_1005Metric,1.5k,smt
182.840153,59.728283,-115.0,bottom,R39,PF1206FRF070R01L,,R_0402_1005Metric_Pad0.72x0.64mm_HandSolder,4.7k,smt
69.632681,57.592435,115.0,bottom,R40,PF1206FRF070R01L,,R_0402_1005Metric_Pad0.72x0.64mm_HandSolder,4.7k,smt
232.666131,99.040287,0.0,bottom,R5,,,R_0402_1005Metric,1.5k,smt
173.181111,71.987337,90.0,bottom,R50,,,R_0402_1005Metric,R_Small,smt
172.111113,71.987339,90.0,bottom,R51,,,R_0402_1005Metric,R_Small,smt
174.251124,73.767335,0.0,bottom,R52,,,R_0402_1005Metric,R_Small,smt
163.231122,78.307345,-90.0,bottom,R53,,,R_0402_1005Metric,R_Small,smt
172.521119,74.387357,-90.0,bottom,R54,,,R_0402_1005Metric,R_Small,smt
174.251119,74.837342,0.0,bottom,R55,,,R_0402_1005Metric,R_Small,smt
174.251127,75.90734,0.0,bottom,R56,,,R_0402_1005Metric,R_Small,smt
172.52113,76.31733,-90.0,bottom,R57,,,R_0402_1005Metric,R_Small,smt
168.851121,78.092341,0.0,bottom,R58,,,R_0402_1005Metric,R_Small,smt
172.531136,78.262354,-90.0,bottom,R59,,,R_0402_1005Metric,R_Small,smt
169.530582,124.902232,-85.0,bottom,R6,,,R_0402_1005Metric,5.1k,smt
166.04113,84.58235,-90.0,bottom,R60,,,R_0402_1005Metric,R_Small,smt
167.081127,84.58234,-90.0,bottom,R61,,,R_0402_1005Metric,R_Small,smt
172.271132,80.712355,-90.0,bottom,R62,,,R_0603_1608Metric,R_Small,smt
172.271142,83.682336,-90.0,bottom,R63,,,R_0603_1608Metric,R_Small,smt
172.641125,86.162336,180.0,bottom,R64,,,R_0402_1005Metric,R_Small,smt
168.851122,86.162353,0.0,bottom,R65,,,R_0402_1005Metric,R_Small,smt
172.550573,125.19223,-85.0,bottom,R7,,,R_0402_1005Metric,5.1k,smt
169.126129,91.425285,90.0,bottom,R8,,,R_0603_1608Metric,2M,smt
166.851129,92.180287,180.0,bottom,R9,,,R_0603_1608Metric,2M,smt
157.935398,44.409996,-115.0,top,SW1,,,SW4-SMD-2.8-2.6X1.6X0.53MM,Reset,tht
87.709737,44.393417,-65.0,top,SW2,,,SW4-SMD-2.8-2.6X1.6X0.53MM,Reset,tht
187.615033,13.674583,155.0,bottom,SW50,,,SW_SPDT_PCM12,SW_SPST,smt
58.254593,13.694114,-155.0,bottom,SW51,,,SW_SPDT_PCM12,SW_SPST,smt
69.445559,88.003834,0.0,bottom,U10,,,TDFN-8-1EP_2x2mm_P0.5mm_EP0.8x1.2mm,MAX17048,smt
164.956115,101.380278,180.0,bottom,U2,,,Nordic_AQFN-73-1EP_7x7mm_P0.5mm,nRF52840,smt
171.306128,122.630289,180.0,bottom,U3,,,UDFN-6_1.2x1.0mm_P0.4mm,ESDR0502NMUTAG,tht
79.544643,87.658577,0.0,bottom,U4,,,Nordic_AQFN-73-1EP_7x7mm_P0.5mm,nRF52840,smt
70.349723,125.023425,0.0,bottom,U5,,,UDFN-6_1.2x1.0mm_P0.4mm,ESDR0502NMUTAG,tht
167.19614,71.327344,180.0,bottom,U50,,,SSOP-32_6.1x11mm_P0.65mm,~,smt
169.681126,82.082342,90.0,bottom,U51,,,MSOP-8_3x3mm_P0.65mm,~,smt
194.446121,30.214845,-25.0,bottom,U52,,,Trackpointer_4pin,~,smt
165.881121,89.380287,180.0,bottom,U53,,,DFN-8-1EP_3x2mm_P0.5mm_EP1.7x1.4mm,MCP73831-2-MC,smt
78.42723,103.78092,0.0,bottom,U54,,,DFN-8-1EP_3x2mm_P0.5mm_EP1.7x1.4mm,MCP73831-2-MC,smt
204.556122,51.830285,-115.0,top,U55,,,Trackpoint_T460s_Stick,~,tht
174.916124,117.060265,-90.0,bottom,U7,,,SOT-23-5,XC6220B331MR,smt
78.579727,111.470912,90.0,bottom,U8,,,SOT-23-5,XC6220B331MR,smt
172.996126,100.750288,180.0,bottom,U9,,,TDFN-8-1EP_2x2mm_P0.5mm_EP0.8x1.2mm,MAX17048,smt
170.436127,103.295264,-90.0,bottom,Y1,,,Crystal_SMD_2012-2Pin_2.0x1.2mm,32.768 kHz,smt
159.42612,107.865276,90.0,bottom,Y2,,,Crystal_SMD_2016-4Pin_2.0x1.6mm,32MHz,smt
85.064652,81.168591,-90.0,bottom,Y3,,,Crystal_SMD_2016-4Pin_2.0x1.6mm,32MHz,smt
74.044638,85.738591,90.0,bottom,Y4,,,Crystal_SMD_2012-2Pin_2.0x1.2mm,32.768 kHz,smt
163.931117,81.052332,90.0,bottom,Y50,,,Crystal_SMD 3pin,Crystal_GND2,smt
