﻿Designator,Quantity,Value,Footprint,Package,MPN,DNP,Mount_Type,Manufacturer Part,LCSC,LCSC Part,Digikey,JLC Part,Description,Sim.Device,Sim.Pins,Sim.Pin,LCSC Part Number,Specifications,Manufacturer,Display,JLCPCB ID
"C1, C13, C19, C33, C34, C39, C4, C44, C62, C64, C67, C68, C69, C70",14,4.7uF,C_0402_1005Metric,,,,smt,"[C1,C13,C19,C33,C34,C39,C4,C44,C62,C64]CL05A475KP5NRNC; [C67,C68,C69,C70]CL05A105KO5NNNC","[C1,C13,C19,C33,C34,C39,C4,C44]C23733; [C67,C68,C69,C70]C52923",C23733,1276-1784-1-ND,C23733,,,,,,,,,
"C10, C25",2,1.5pF,C_0402_1005Metric,,,,smt,CL05C1R5CB5NNNC,C1552,,,,,,,,,,,,
"C11, C12, C26, C29",4,1pF,C_0402_1005Metric,,,,smt,CL05C010CB5NNNC,C1550,,,,,,,,,,,,
"C16, C17, C18, C30, C40, C42, C43, C65, C66, C7",10,100nF,C_0402_1005Metric,,,,smt,"[C7]CL05B104KA5NNNC; [C65,C66]CL05B103KB5NNNC",C307331,C307331,1276-1499-1-ND,C15195,,,,,,,,,
"C2, C20, C35, C45",4,1uF,C_0402_1005Metric,,,,smt,CL05A105KO5NNNC,C52923,,,,,,,,,,,,
"C21, C22, C27, C28, C37, C38, C8, C9",8,15pF,C_0402_1005Metric,,,,smt,CL05C150JB51PNC,C1548,,,,,,,,,,,,
"C23, C41",2,10nF,C_0402_1005Metric,,,,smt,CL05B103KB5NNNC,C15195,,,,,,,,,,,,
"C24, C46",2,1000pF/NC,C_0402_1005Metric,,,,smt,,,,,,"Unpolarized capacitor, small symbol",,,,,,,,
"C3, C36",2,47nF,C_0402_1005Metric,,,,smt,CL05B473KO5NNNC,C272875,,,,,,,,,,,,
"C31, C6",2,100pF,C_0402_1005Metric,,,,smt,CL05C101JB5NNNC,C1546,,,,,,,,,,,,
"C32, C5",2,1nF,C_0402_1005Metric,,,,smt,CL05B102KB5NNNC,C1523,,,,,,,,,,,,
"C49, C63",2,10uF,C_0603_1608Metric,,,,smt,CL10A106KP8NNNC,,C19702,,C19702,,,,,,,,,
"C50, C58",2,C,C_0805_2012Metric,,,,smt,,,,,,Unpolarized capacitor,,,,,,,,
"C51, C53, C54, C55, C56, C57, C59, C60, C61",9,C_Small,C_0402_1005Metric,,,,smt,,,,,,"Unpolarized capacitor, small symbol",,,,,,,,
C52,1,C_Small,C_0603_1608Metric,,,,smt,,,,,,"Unpolarized capacitor, small symbol",,,,,,,,
"D10, D9",2,CHG,LED_0402_1005Metric,,,,smt,19-217/S2C-AQ1R1B/3T,C72038,,,,,,,,,,,,
"D100, D101, D102, D103, D104, D105, D106, D107, D108, D109, D110, D111, D112, D113, D114, D115, D116, D117, D118, D119, D120, D121, D122, D123, D124, D125, D126, D127, D128, D129, D90, D91, D92, D93, D94, D95, D96, D97, D98, D99",40,D_Small,D_0402_1005Metric,,,,smt,,,,,,"Diode, small symbol",D,1=K 2=A,,,,,,
"D22, D23",2,CAPS,LED_0402_1005Metric,,,,smt,19-217/BHC-ZL1M2RY/3T,C2290,,,,,,,,,,,,
"D3, D4",2,BLUE,LED_0402_1005Metric,,,,smt,19-217/BHC-ZL1M2RY/3T,C2290,,,,,,,,,,,,
"D7, D8",2,B5819WT,D_SOD-523,,,,smt,PMEG4010CEJ,C8598,,,,,,,,,,,,
"KHS100, KHS101, KHS102, KHS103, KHS104, KHS105, KHS106, KHS107, KHS108, KHS109, KHS110, KHS111, KHS112, KHS113, KHS114, KHS115, KHS116, KHS117, KHS118, KHS119, KHS120, KHS121, KHS122, KHS123, KHS124, KHS125, KHS126, KHS127, KHS128, KHS129, KHS90, KHS91, KHS92, KHS93, KHS94, KHS95, KHS96, KHS97, KHS98, KHS99",40,KHS,Kailh_HS_Socket,,,,smt,,,,,,"Push button switch, normally open, two pins, 45° tilted",,,,,,,,
"L1, L6",2,15nH,L_0402_1005Metric,,,,smt,MLG1005S15NJT000,C27143,,,,,,,,,,,,
"L2, L3, L7, L8",4,10uH,L_0603_1608Metric,,,,smt,MLF1608E100KTD00,C285968,,,,,,,,,,,,
"L4, L5",2,3.9nH,L_0402_1005Metric,,,,smt,MLG1005S3N9BT000,C14033,,,,,,,,,,,,
"LED100, LED101, LED102, LED103, LED104, LED105, LED106, LED107, LED108, LED109, LED110, LED111, LED112, LED113, LED114, LED115, LED116, LED117, LED118, LED119, LED120, LED121, LED122, LED123, LED124, LED125, LED126, LED127, LED128, LED129, LED90, LED91, LED92, LED93, LED94, LED95, LED96, LED97, LED98, LED99",40,LED_Small,LED_0402_1005Metric,,,,smt,,,,,,"Light emitting diode, small symbol",,,1=K 2=A,,,,,
"LR100, LR101, LR102, LR103, LR104, LR105, LR106, LR107, LR108, LR109, LR110, LR111, LR112, LR113, LR114, LR115, LR116, LR117, LR118, LR119, LR120, LR121, LR122, LR123, LR124, LR125, LR126, LR127, LR128, LR129, LR90, LR91, LR92, LR93, LR94, LR95, LR96, LR97, LR98, LR99, R50, R51, R52, R53, R54, R55, R56, R57, R58, R59, R60, R61, R64, R65",54,R_Small,R_0402_1005Metric,,,,smt,,,,,,"Resistor, small symbol",,,,,,,,
"NT1, NT2",2,NetTie_2,net-tie-2-tiny,,,,tht,,,,,,,,,,,,,,
"P1, P2",2,USB-C,USB_C_Receptacle_HRO_TYPE-C-31-M-12,,,,smt,,C165948,,,,USB 2.0-only Type-C Plug connector,,,,,,,,
"Q1, Q2",2,AO3416 N-channel MOSFET,SOT-23,,AO3416,,smt,,,,,,,,,,C479060,,,,
"R1, R12",2,0R,R_0402_1005Metric,,,,smt,RC0402FR-070RL,C17168,,,,,,,,,,,,
"R10, R15",2,10M,R_0402_1005Metric,,,,smt,RC0402FR-0710ML,C26082,,,,,,,,,,,,
"R11, R17",2,1M,R_0402_1005Metric,,,,smt,,C26083,,,,"Resistor, small symbol",,,,,,,,
"R13, R14, R8, R9",4,2M,R_0603_1608Metric,,,,smt,RC0402FR-072ML,C22976,,,,,,,,,,,,
"R16, R31, R32, R5",4,1.5k,R_0402_1005Metric,,,,smt,RC0402FR-071K5L,C25867,,,,,,,,,,,,
"R20, R21, R6, R7",4,5.1k,R_0402_1005Metric,,,,smt,RC0402FR-075K1L,C25905,,,,,,,,,,,,
"R23, R24",2,2M,R_0402_1005Metric,,,,smt,RC0402FR-072ML,,C138014,,C138014,,,,,,,,,
"R25, R26",2,10k,R_0402_1005Metric,,,,smt,RC0402FR-0710KL,C25744,,,,,,,,,,,,
"R27, R28",2,470,R_0402_1005Metric,,,,smt,RC0402FR-0710KL,C25744,,,,,,,,,,,,
"R39, R40",2,4.7k,R_0402_1005Metric_Pad0.72x0.64mm_HandSolder,,PF1206FRF070R01L,,smt,,,,,,"10mΩ, 10mOhm, Min. 250mW, 100PPM/C",,,,,"10mΩ, 10mOhm, Min. 250mW, 100PPM/C",Yageo,10mΩ/250mW,C127703
"R62, R63",2,R_Small,R_0603_1608Metric,,,,smt,,,,,,"Resistor, small symbol",,,,,,,,
"SW1, SW2",2,Reset,SW4-SMD-2.8-2.6X1.6X0.53MM,,,,tht,,C318884,,,,"Push button switch, generic, two pins",,,,,,,,
"SW50, SW51",2,SW_SPST,SW_SPDT_PCM12,,,,smt,,,,,,Single Pole Single Throw (SPST) switch,,,,,,,,
"TP10, TP9",2,W_VBUS,TestPoint_Pad_2.5x2.5mm,,,,tht,,,,,,test point,,,,,,,,
"TP11, TP12",2,W_GND,TestPoint_Pad_2.5x2.5mm,,,,tht,,,,,,test point,,,,,,,,
"TP5, TP7",2,VBAT,TestPoint_Pad_2.5x2.5mm,,,,tht,,,,,,test point,,,,,,,,
"TP6, TP8",2,BAT GND,TestPoint_Pad_2.5x2.5mm,,,,tht,,,,,,test point,,,,,,,,
"U10, U9",2,MAX17048,TDFN-8-1EP_2x2mm_P0.5mm_EP0.8x1.2mm,,,,smt,,,C2682616,,,,,,,,,,,
"U2, U4",2,nRF52840,Nordic_AQFN-73-1EP_7x7mm_P0.5mm,,,,smt,NRF52840-QIAA-R,C190794,,,,,,,,,,,,
"U3, U5",2,ESDR0502NMUTAG,UDFN-6_1.2x1.0mm_P0.4mm,,,,tht,ESDR0502NMUTBG,C327480,,,,,,,,,,,,
U50,1,~,SSOP-32_6.1x11mm_P0.65mm,,,,smt,,,,,,,,,,,,,,
U51,1,~,MSOP-8_3x3mm_P0.65mm,,,,smt,,,,,,,,,,,,,,
"U53, U54",2,MCP73831-2-MC,DFN-8-1EP_3x2mm_P0.5mm_EP1.7x1.4mm,,,,smt,,,,,,"Single cell, Li-Ion/Li-Po charge management controller, 4.20V, Tri-State Status Output, in DFN-8 package",,,,,,,,
U55,1,~,Trackpoint_T460s_Stick,,,,tht,,,,,,,,,,,,,,
"U7, U8",2,XC6220B331MR,SOT-23-5,,,,smt,XC6220B331MR-G‎,,C86534,893-1133-1-ND‎,C86534,,,,,,,,,
"Y1, Y4",2,32.768 kHz,Crystal_SMD_2012-2Pin_2.0x1.2mm,,,,smt,SC20S-12.5PF20PPM,C99009,,,,,,,,,,,,
"Y2, Y3",2,32MHz,Crystal_SMD_2016-4Pin_2.0x1.6mm,,,,smt,Q22FA1280001800,C2965584,,,,,,,,,,,,
Y50,1,Crystal_GND2,Crystal_SMD 3pin,,,,smt,,,,,,"Three pin crystal, GND on pin 2",,,,,,,,
