﻿Designator,Quantity,Value,Footprint,Package,MPN,DNP,Mount_Type,Manufacturer Part,LCSC,LCSC Part,Digikey,JLC Part,Description,Sim.Device,Sim.Pins,Sim.Pin,LCSC Part Number,Specifications,Manufacturer,Display,JLCPCB ID
"C100, C73",2,47nF,C_0402_1005Metric,,,,smt,CL05B473KO5NNNC,C272875,,,,,,,,,,,,
"C101, C102, C64, C65, C74, C75, C91, C92",8,15pF,C_0402_1005Metric,,,,smt,CL05C150JB51PNC,C1548,,,,,,,,,,,,
"C103, C109, C112, C113, C115, C70, C71, C76, C82, C85, C86, C88, C97, C98",14,4.7uF,C_0402_1005Metric,,,,smt,"[C88,C97,C98]CL05A475KP5NRNC; [C85,C86]CL05A105KO5NNNC","[C97,C98]C23733; [C85,C86]C52923",C23733,1276-1784-1-ND,C23733,,,,,,,,,
"C104, C105, C107, C108, C67, C77, C78, C80, C81, C94",10,100nF,C_0402_1005Metric,,,,smt,"[C80,C81,C94]CL05B104KA5NNNC; [C78]CL05B103KB5NNNC",C307331,C307331,1276-1499-1-ND,C15195,,,,,,,,,
"C106, C79",2,10nF,C_0402_1005Metric,,,,smt,CL05B103KB5NNNC,C15195,,,,,,,,,,,,
"C110, C72, C83, C99",4,1uF,C_0402_1005Metric,,,,smt,CL05A105KO5NNNC,C52923,,,,,,,,,,,,
"C111, C84",2,1000pF/NC,C_0402_1005Metric,,,,smt,,,,,,"Unpolarized capacitor, small symbol",,,,,,,,
"C114, C87",2,10uF,C_0603_1608Metric,,,,smt,CL10A106KP8NNNC,,C19702,,C19702,,,,,,,,,
"C62, C89",2,1.5pF,C_0402_1005Metric,,,,smt,CL05C1R5CB5NNNC,C1552,,,,,,,,,,,,
"C63, C66, C90, C93",4,1pF,C_0402_1005Metric,,,,smt,CL05C010CB5NNNC,C1550,,,,,,,,,,,,
"C68, C95",2,100pF,C_0402_1005Metric,,,,smt,CL05C101JB5NNNC,C1546,,,,,,,,,,,,
"C69, C96",2,1nF,C_0402_1005Metric,,,,smt,CL05B102KB5NNNC,C1523,,,,,,,,,,,,
"D102, D103, D104, D105, D106, D107, D108, D109, D110, D111, D112, D113, D54, D55, D56, D57, D58, D59, D60, D61, D62, D63, D64, D65, D66, D67, D68, D69, D70, D71, D72, D73, D74, D75, D76, D77, D78, D79, D80, D81, D82, D83, D84, D85, D86, D87, D88, D89, D90, D91, D92, D93",52,D_Small,D_0402_1005Metric,,,,smt,,,,,,"Diode, small symbol",D,1=K 2=A,,,,,,
"D50, D94",2,BLUE,LED_0402_1005Metric,,,,smt,19-217/BHC-ZL1M2RY/3T,C2290,,,,,,,,,,,,
"D51, D95",2,CAPS,LED_0402_1005Metric,,,,smt,19-217/BHC-ZL1M2RY/3T,C2290,,,,,,,,,,,,
"D52, D96",2,B5819WT,D_SOD-523,,,,smt,PMEG4010CEJ,C8598,,,,,,,,,,,,
"D53, D97",2,CHG,LED_0402_1005Metric,,,,smt,19-217/S2C-AQ1R1B/3T,C72038,,,,,,,,,,,,
"H118, H119, H120, H121",4,MountingHole,SMTSO_M2_C4_2+C2.7_1.5,,,,smt,,,,,,Mounting Hole without connection,,,,,,,,
"KHS100, KHS101, KHS90, KHS91, KHS92, KHS93, KHS94, KHS95, KHS96, KHS97, KHS98, KHS99",12,KHS,CPG1316S01D02_mikeholscher,,,,smt,,,,,,"Push button switch, normally open, two pins, 45° tilted",,,,,,,,
"KHS50, KHS51, KHS52, KHS53, KHS54, KHS55, KHS56, KHS57, KHS58, KHS59, KHS60, KHS61, KHS62, KHS63, KHS64, KHS65, KHS66, KHS67, KHS68, KHS69, KHS70, KHS71, KHS72, KHS73, KHS74, KHS75, KHS76, KHS77, KHS78, KHS79, KHS80, KHS81, KHS82, KHS83, KHS84, KHS85, KHS86, KHS87, KHS88, KHS89",40,KHS,Kailh_HS_Socket,,,,smt,,,,,,"Push button switch, normally open, two pins, 45° tilted",,,,,,,,
"L50, L54",2,3.9nH,L_0402_1005Metric,,,,smt,MLG1005S3N9BT000,C14033,,,,,,,,,,,,
"L51, L55",2,15nH,L_0402_1005Metric,,,,smt,MLG1005S15NJT000,C27143,,,,,,,,,,,,
"L52, L53, L56, L57",4,10uH,L_0603_1608Metric,,,,smt,MLF1608E100KTD00,C285968,,,,,,,,,,,,
"LED100, LED101, LED50, LED51, LED52, LED53, LED54, LED55, LED56, LED57, LED58, LED59, LED60, LED61, LED62, LED63, LED64, LED65, LED66, LED67, LED68, LED69, LED70, LED71, LED72, LED73, LED74, LED75, LED76, LED77, LED78, LED79, LED80, LED81, LED82, LED83, LED84, LED85, LED86, LED87, LED88, LED89, LED90, LED91, LED92, LED93, LED94, LED95, LED96, LED97, LED98, LED99",52,LED_Small,LED_0402_1005Metric,,,,smt,,,,,,"Light emitting diode, small symbol",,,1=K 2=A,,,,,
"LR100, LR101, LR50, LR51, LR52, LR53, LR54, LR55, LR56, LR57, LR58, LR59, LR60, LR61, LR62, LR63, LR64, LR65, LR66, LR67, LR68, LR69, LR70, LR71, LR72, LR73, LR74, LR75, LR76, LR77, LR78, LR79, LR80, LR81, LR82, LR83, LR84, LR85, LR86, LR87, LR88, LR89, LR90, LR91, LR92, LR93, LR94, LR95, LR96, LR97, LR98, LR99",52,R_Small,R_0402_1005Metric,,,,smt,,,,,,"Resistor, small symbol",,,,,,,,
"NT50, NT51",2,NetTie_2,net-tie-2-tiny,,,,tht,,,,,,,,,,,,,,
"P50, P51",2,USB-C,USB_C_Receptacle_HRO_TYPE-C-31-M-16,,,,smt,,C165948,,,,USB 2.0-only Type-C Plug connector,,,,,,,,
"Q50, Q51, Q52",3,AO3416 N-channel MOSFET,SOT-23,,AO3416,,smt,,,,,,,,,,C479060,,,,
"R66, R79",2,0R,R_0402_1005Metric,,,,smt,RC0402FR-070RL,C17168,,,,,,,,,,,,
"R67, R68, R80, R81",4,2M,R_0603_1608Metric,,,,smt,RC0402FR-072ML,C22976,,,,,,,,,,,,
"R69, R82",2,10M,R_0402_1005Metric,,,,smt,RC0402FR-0710ML,C26082,,,,,,,,,,,,
"R70, R71, R83, R84",4,1.5k,R_0402_1005Metric,,,,smt,RC0402FR-071K5L,C25867,,,,,,,,,,,,
"R72, R85",2,1M,R_0402_1005Metric,,,,smt,,C26083,,,,"Resistor, small symbol",,,,,,,,
"R73, R86, R92",3,4.7k,R_0402_1005Metric_Pad0.72x0.64mm_HandSolder,,PF1206FRF070R01L,,smt,,,,,,"10mΩ, 10mOhm, Min. 250mW, 100PPM/C",,,,,"10mΩ, 10mOhm, Min. 250mW, 100PPM/C",Yageo,10mΩ/250mW,C127703
"R74, R87",2,10k,R_0402_1005Metric,,,,smt,RC0402FR-0710KL,C25744,,,,,,,,,,,,
"R75, R88",2,470,R_0402_1005Metric,,,,smt,RC0402FR-0710KL,C25744,,,,,,,,,,,,
"R76, R77, R89, R90",4,5.1k,R_0402_1005Metric,,,,smt,RC0402FR-075K1L,C25905,,,,,,,,,,,,
"R78, R91",2,2M,R_0402_1005Metric,,,,smt,RC0402FR-072ML,,C138014,,C138014,,,,,,,,,
"SW50, SW52, SW55",3,SW_SPST,SW_SPDT_PCM12,,,,smt,,,,,,Single Pole Single Throw (SPST) switch,,,,,,,,
"SW51, SW53, SW54",3,Reset,SW4-SMD-2.8-2.6X1.6X0.53MM,,,,tht,,C318884,,,,"Push button switch, generic, two pins",,,,,,,,
"TP50, TP54",2,VBAT,TestPoint_Pad_2.5x2.5mm,,,,tht,,,,,,test point,,,,,,,,
"TP51, TP55",2,BAT GND,TestPoint_Pad_2.5x2.5mm,,,,tht,,,,,,test point,,,,,,,,
"TP52, TP56",2,W_VBUS,TestPoint_Pad_2.5x2.5mm,,,,tht,,,,,,test point,,,,,,,,
"TP53, TP57",2,W_GND,TestPoint_Pad_2.5x2.5mm,,,,tht,,,,,,test point,,,,,,,,
TP58,1,TX,TestPoint_Pad_1.0x1.0mm,,,,tht,,,,,,test point,,,,,,,,
TP59,1,SCL,TestPoint_Pad_1.0x1.0mm,,,,tht,,,,,,test point,,,,,,,,
TP60,1,SDA,TestPoint_Pad_1.0x1.0mm,,,,tht,,,,,,test point,,,,,,,,
TP61,1,GND,TestPoint_Pad_2.5x2.5mm,,,,tht,,,,,,test point,,,,,,,,
TP62,1,BAT,TestPoint_Pad_2.5x2.5mm,,,,tht,,,,,,test point,,,,,,,,
"U54, U59",2,nRF52840,Nordic_AQFN-73-1EP_7x7mm_P0.5mm,,,,smt,NRF52840-QIAA-R,C190794,,,,,,,,,,,,
"U55, U60",2,MAX17048,TDFN-8-1EP_2x2mm_P0.5mm_EP0.8x1.2mm,,,,smt,,,C2682616,,,,,,,,,,,
"U56, U61",2,MCP73831-2-MC,DFN-8-1EP_3x2mm_P0.5mm_EP1.7x1.4mm,,,,smt,,,,,,"Single cell, Li-Ion/Li-Po charge management controller, 4.20V, Tri-State Status Output, in DFN-8 package",,,,,,,,
"U57, U62",2,ESDR0502NMUTAG,UDFN-6_1.2x1.0mm_P0.4mm,,,,tht,ESDR0502NMUTBG,C327480,,,,,,,,,,,,
"U58, U63",2,XC6220B331MR,SOT-23-5,,,,smt,XC6220B331MR-G‎,,C86534,893-1133-1-ND‎,C86534,,,,,,,,,
"Y51, Y53",2,32MHz,Crystal_SMD_2016-4Pin_2.0x1.6mm,,,,smt,Q22FA1280001800,C2965584,,,,,,,,,,,,
"Y52, Y54",2,32.768 kHz,Crystal_SMD_2012-2Pin_2.0x1.2mm,,,,smt,SC20S-12.5PF20PPM,C99009,,,,,,,,,,,,
