﻿Designator,Quantity,Value,Footprint,Package,MPN,DNP,Mount_Type,Description,Sim.Device,Sim.Pins
"D1, D1, D10, D10, D11, D11, D12, D12, D13, D13, D14, D14, D15, D15, D16, D16, D17, D17, D18, D18, D2, D2, D3, D3, D4, D4, D5, D5, D6, D6, D7, D7, D8, D8, D9, D9",36,D,Nexperia_CFP3_SOD-123W,,,,smt,Diode,D,1=K 2=A
"SW1, SW1",2,SW_Wuerth_450301014042,SW_SPDT_PCM12,,,,smt,"Switch slide, single pole double throw",,
"U2, U3, U4, U5, U6",5,~,MountingHole_2.2mm_M2,,,,tht,,,
"U7, U7",2,~,Salt,,,,smt,,,
