﻿pos_x,pos_y,rotation,side,designator,mpn,pack,footprint,value,mount_type
19.591889,10.594881,-145.0,bottom,CH1,,,Kailh_HS_Socket,KSwitch,smt
79.480407,95.28677,180.0,bottom,CH10,,,Kailh_HS_Socket,KSwitch,smt
79.506351,78.522647,180.0,bottom,CH11,,,Kailh_HS_Socket,KSwitch,smt
79.48041,61.811786,180.0,bottom,CH12,,,Kailh_HS_Socket,KSwitch,smt
101.49225,89.082317,175.0,bottom,CH13,,,Kailh_HS_Socket,KSwitch,smt
100.04625,72.355011,175.0,bottom,CH14,,,Kailh_HS_Socket,KSwitch,smt
98.570358,55.684896,175.0,bottom,CH15,,,Kailh_HS_Socket,KSwitch,smt
127.473204,66.539292,155.0,bottom,CH16,,,Kailh_HS_Socket,KSwitch,smt
120.383769,51.335971,155.0,bottom,CH17,,,Kailh_HS_Socket,KSwitch,smt
113.333572,36.138189,155.0,bottom,CH18,,,Kailh_HS_Socket,KSwitch,smt
15.496157,7.727006,35.0,top,CH19,,,Kailh_HS_Socket,KSwitch,smt
34.157454,20.793805,-145.0,bottom,CH2,,,Kailh_HS_Socket,KSwitch,smt
30.061686,17.925913,35.0,top,CH20,,,Kailh_HS_Socket,KSwitch,smt
44.61531,28.132215,35.0,top,CH21,,,Kailh_HS_Socket,KSwitch,smt
33.346238,87.656964,5.0,top,CH22,,,Kailh_HS_Socket,KSwitch,smt
34.808517,70.950249,5.0,top,CH23,,,Kailh_HS_Socket,KSwitch,smt
36.268157,54.259531,5.0,top,CH24,,,Kailh_HS_Socket,KSwitch,smt
52.196472,92.493272,5.0,top,CH25,,,Kailh_HS_Socket,KSwitch,smt
53.679925,75.770283,5.0,top,CH26,,,Kailh_HS_Socket,KSwitch,smt
55.118356,59.095824,5.0,top,CH27,,,Kailh_HS_Socket,KSwitch,smt
74.480416,95.286787,0.0,top,CH28,,,Kailh_HS_Socket,KSwitch,smt
74.50634,78.522638,0.0,top,CH29,,,Kailh_HS_Socket,KSwitch,smt
48.711036,31.000101,-145.0,bottom,CH3,,,Kailh_HS_Socket,KSwitch,smt
74.480394,61.811781,0.0,top,CH30,,,Kailh_HS_Socket,KSwitch,smt
96.511291,89.518104,-5.0,top,CH31,,,Kailh_HS_Socket,KSwitch,smt
95.065258,72.790796,-5.0,top,CH32,,,Kailh_HS_Socket,KSwitch,smt
93.589382,56.120677,-5.0,top,CH33,,,Kailh_HS_Socket,KSwitch,smt
122.941645,68.652375,-25.0,top,CH34,,,Kailh_HS_Socket,KSwitch,smt
115.852234,53.449049,-25.0,top,CH35,,,Kailh_HS_Socket,KSwitch,smt
108.802026,38.25127,-25.0,top,CH36,,,Kailh_HS_Socket,KSwitch,smt
38.327232,88.092732,-175.0,bottom,CH4,,,Kailh_HS_Socket,KSwitch,smt
39.789492,71.386018,-175.0,bottom,CH5,,,Kailh_HS_Socket,KSwitch,smt
41.249154,54.69531,-175.0,bottom,CH6,,,Kailh_HS_Socket,KSwitch,smt
57.17745,92.929048,-175.0,bottom,CH7,,,Kailh_HS_Socket,KSwitch,smt
58.660898,76.20606,-175.0,bottom,CH8,,,Kailh_HS_Socket,KSwitch,smt
60.099343,59.531621,-175.0,bottom,CH9,,,Kailh_HS_Socket,KSwitch,smt
8.763635,8.956037,-55.0,top,D1,,,D_0402_1005Metric,D,smt
69.670413,100.155155,-90.0,top,D10,,,D_0402_1005Metric,D,smt
69.696336,83.391024,-90.0,top,D11,,,D_0402_1005Metric,D,smt
69.6704,66.68015,-90.0,top,D12,,,D_0402_1005Metric,D,smt
92.143887,94.787172,-95.0,top,D13,,,D_0402_1005Metric,D,smt
90.697873,78.059856,-95.0,top,D14,,,D_0402_1005Metric,D,smt
89.221979,61.389758,-95.0,top,D15,,,D_0402_1005Metric,D,smt
120.639805,75.097417,-115.0,top,D16,,,D_0402_1005Metric,D,smt
113.550353,59.894104,-115.0,top,D17,,,D_0402_1005Metric,D,smt
106.50016,44.696317,-115.0,top,D18,,,D_0402_1005Metric,D,smt
8.76363,8.956045,-55.0,bottom,D19,,,D_0402_1005Metric,D,smt
23.329173,19.154969,-55.0,top,D2,,,D_0402_1005Metric,D,smt
23.329173,19.154958,-55.0,bottom,D20,,,D_0402_1005Metric,D,smt
37.86402,29.332364,-55.0,bottom,D21,,,D_0402_1005Metric,D,smt
28.130245,92.087589,-85.0,bottom,D22,,,D_0402_1005Metric,D,smt
29.592522,75.380864,-85.0,bottom,D23,,,D_0402_1005Metric,D,smt
31.05216,58.690175,-85.0,bottom,D24,,,D_0402_1005Metric,D,smt
46.980469,96.923904,-85.0,bottom,D25,,,D_0402_1005Metric,D,smt
48.463902,80.200923,-85.0,bottom,D26,,,D_0402_1005Metric,D,smt
49.902353,63.526465,-85.0,bottom,D27,,,D_0402_1005Metric,D,smt
69.670418,100.155155,-90.0,bottom,D28,,,D_0402_1005Metric,D,smt
69.696339,83.391024,-90.0,bottom,D29,,,D_0402_1005Metric,D,smt
37.864028,29.332351,-55.0,top,D3,,,D_0402_1005Metric,D,smt
69.670409,66.680168,-90.0,bottom,D30,,,D_0402_1005Metric,D,smt
92.143887,94.787169,-95.0,bottom,D31,,,D_0402_1005Metric,D,smt
90.697884,78.059857,-95.0,bottom,D32,,,D_0402_1005Metric,D,smt
89.221999,61.389753,-95.0,bottom,D33,,,D_0402_1005Metric,D,smt
120.639779,75.097433,-115.0,bottom,D34,,,D_0402_1005Metric,D,smt
113.550349,59.894103,-115.0,bottom,D35,,,D_0402_1005Metric,D,smt
106.50016,44.696317,-115.0,bottom,D36,,,D_0402_1005Metric,D,smt
28.130247,92.087595,-85.0,top,D4,,,D_0402_1005Metric,D,smt
29.592516,75.380873,-85.0,top,D5,,,D_0402_1005Metric,D,smt
31.052141,58.690174,-85.0,top,D6,,,D_0402_1005Metric,D,smt
46.980467,96.923914,-85.0,top,D7,,,D_0402_1005Metric,D,smt
48.463917,80.200904,-85.0,top,D8,,,D_0402_1005Metric,D,smt
49.902366,63.526458,-85.0,top,D9,,,D_0402_1005Metric,D,smt
11.683461,17.602376,35.0,bottom,LED1,,,LED_0402_1005Metric_Pad0.77x0.64mm_HandSolder,~,smt
77.021549,105.563065,0.0,bottom,LED10,,,LED_0402_1005Metric_Pad0.77x0.64mm_HandSolder,~,smt
77.047468,88.798913,0.0,bottom,LED11,,,LED_0402_1005Metric_Pad0.77x0.64mm_HandSolder,~,smt
77.021538,72.088078,0.0,bottom,LED12,,,LED_0402_1005Metric_Pad0.77x0.64mm_HandSolder,~,smt
99.938367,99.533817,-5.0,bottom,LED13,,,LED_0402_1005Metric_Pad0.77x0.64mm_HandSolder,~,smt
98.492362,82.806522,-5.0,bottom,LED14,,,LED_0402_1005Metric_Pad0.77x0.64mm_HandSolder,~,smt
97.016471,66.136403,-5.0,bottom,LED15,,,LED_0402_1005Metric_Pad0.77x0.64mm_HandSolder,~,smt
129.587637,76.891931,-25.0,bottom,LED16,,,LED_0402_1005Metric_Pad0.77x0.64mm_HandSolder,~,smt
122.498227,61.688607,-25.0,bottom,LED17,,,LED_0402_1005Metric_Pad0.77x0.64mm_HandSolder,~,smt
115.448023,46.490832,-25.0,bottom,LED18,,,LED_0402_1005Metric_Pad0.77x0.64mm_HandSolder,~,smt
11.683462,17.602385,35.0,top,LED19,,,LED_0402_1005Metric_Pad0.77x0.64mm_HandSolder,~,smt
26.249035,27.801296,35.0,bottom,LED2,,,LED_0402_1005Metric_Pad0.77x0.64mm_HandSolder,~,smt
26.249023,27.801306,35.0,top,LED20,,,LED_0402_1005Metric_Pad0.77x0.64mm_HandSolder,~,smt
40.783844,37.97869,35.0,top,LED21,,,LED_0402_1005Metric_Pad0.77x0.64mm_HandSolder,~,smt
34.982051,98.115629,5.0,top,LED22,,,LED_0402_1005Metric_Pad0.77x0.64mm_HandSolder,~,smt
36.444343,81.408891,5.0,top,LED23,,,LED_0402_1005Metric_Pad0.77x0.64mm_HandSolder,~,smt
37.903978,64.718192,5.0,top,LED24,,,LED_0402_1005Metric_Pad0.77x0.64mm_HandSolder,~,smt
53.832298,102.951937,5.0,top,LED25,,,LED_0402_1005Metric_Pad0.77x0.64mm_HandSolder,~,smt
55.315731,86.228946,5.0,top,LED26,,,LED_0402_1005Metric_Pad0.77x0.64mm_HandSolder,~,smt
56.754177,69.554499,5.0,top,LED27,,,LED_0402_1005Metric_Pad0.77x0.64mm_HandSolder,~,smt
77.021524,105.563079,0.0,top,LED28,,,LED_0402_1005Metric_Pad0.77x0.64mm_HandSolder,~,smt
77.047469,88.798926,0.0,top,LED29,,,LED_0402_1005Metric_Pad0.77x0.64mm_HandSolder,~,smt
40.783849,37.978689,35.0,bottom,LED3,,,LED_0402_1005Metric_Pad0.77x0.64mm_HandSolder,~,smt
77.021531,72.088092,0.0,top,LED30,,,LED_0402_1005Metric_Pad0.77x0.64mm_HandSolder,~,smt
99.93837,99.533814,-5.0,top,LED31,,,LED_0402_1005Metric_Pad0.77x0.64mm_HandSolder,~,smt
98.492342,82.806514,-5.0,top,LED32,,,LED_0402_1005Metric_Pad0.77x0.64mm_HandSolder,~,smt
97.016474,66.13639,-5.0,top,LED33,,,LED_0402_1005Metric_Pad0.77x0.64mm_HandSolder,~,smt
129.587632,76.891946,-25.0,top,LED34,,,LED_0402_1005Metric_Pad0.77x0.64mm_HandSolder,~,smt
122.498233,61.688615,-25.0,top,LED35,,,LED_0402_1005Metric_Pad0.77x0.64mm_HandSolder,~,smt
115.448023,46.490839,-25.0,top,LED36,,,LED_0402_1005Metric_Pad0.77x0.64mm_HandSolder,~,smt
34.982061,98.115614,5.0,bottom,LED4,,,LED_0402_1005Metric_Pad0.77x0.64mm_HandSolder,~,smt
36.444326,81.408888,5.0,bottom,LED5,,,LED_0402_1005Metric_Pad0.77x0.64mm_HandSolder,~,smt
37.903975,64.71819,5.0,bottom,LED6,,,LED_0402_1005Metric_Pad0.77x0.64mm_HandSolder,~,smt
53.832302,102.951946,5.0,bottom,LED7,,,LED_0402_1005Metric_Pad0.77x0.64mm_HandSolder,~,smt
55.315739,86.228931,5.0,bottom,LED8,,,LED_0402_1005Metric_Pad0.77x0.64mm_HandSolder,~,smt
56.75418,69.554492,5.0,bottom,LED9,,,LED_0402_1005Metric_Pad0.77x0.64mm_HandSolder,~,smt
104.166566,49.908592,65.0,top,Q1,AO3416,,SOT-23,AO3416 N-channel MOSFET,smt
104.166566,49.908592,65.0,bottom,Q2,AO3416,,SOT-23,AO3416 N-channel MOSFET,smt
12.543826,16.373637,35.0,bottom,R1,,,R_0402_1005Metric_Pad0.72x0.64mm_HandSolder,100,smt
77.021536,104.063077,0.0,bottom,R10,,,R_0402_1005Metric_Pad0.72x0.64mm_HandSolder,100,smt
77.04747,87.298924,0.0,bottom,R11,,,R_0402_1005Metric_Pad0.72x0.64mm_HandSolder,100,smt
77.021525,70.588069,0.0,bottom,R12,,,R_0402_1005Metric_Pad0.72x0.64mm_HandSolder,100,smt
99.807635,98.039517,-5.0,bottom,R13,,,R_0402_1005Metric_Pad0.72x0.64mm_HandSolder,100,smt
98.361621,81.312215,-5.0,bottom,R14,,,R_0402_1005Metric_Pad0.72x0.64mm_HandSolder,100,smt
96.88574,64.642101,-5.0,bottom,R15,,,R_0402_1005Metric_Pad0.72x0.64mm_HandSolder,100,smt
128.953727,75.532467,-25.0,bottom,R16,,,R_0402_1005Metric_Pad0.72x0.64mm_HandSolder,100,smt
121.864286,60.329149,-25.0,bottom,R17,,,R_0402_1005Metric_Pad0.72x0.64mm_HandSolder,100,smt
114.814083,45.131369,-25.0,bottom,R18,,,R_0402_1005Metric_Pad0.72x0.64mm_HandSolder,100,smt
12.543831,16.373644,35.0,top,R19,,,R_0402_1005Metric_Pad0.72x0.64mm_HandSolder,100,smt
27.109376,26.572559,35.0,bottom,R2,,,R_0402_1005Metric_Pad0.72x0.64mm_HandSolder,100,smt
27.109386,26.572561,35.0,top,R20,,,R_0402_1005Metric_Pad0.72x0.64mm_HandSolder,100,smt
41.64422,36.749959,35.0,top,R21,,,R_0402_1005Metric_Pad0.72x0.64mm_HandSolder,100,smt
35.112792,96.621325,5.0,top,R22,,,R_0402_1005Metric_Pad0.72x0.64mm_HandSolder,100,smt
36.575077,79.914605,5.0,top,R23,,,R_0402_1005Metric_Pad0.72x0.64mm_HandSolder,100,smt
38.034711,63.223894,5.0,top,R24,,,R_0402_1005Metric_Pad0.72x0.64mm_HandSolder,100,smt
53.963028,101.457634,5.0,top,R25,,,R_0402_1005Metric_Pad0.72x0.64mm_HandSolder,100,smt
55.446462,84.734639,5.0,top,R26,,,R_0402_1005Metric_Pad0.72x0.64mm_HandSolder,100,smt
56.884902,68.060186,5.0,top,R27,,,R_0402_1005Metric_Pad0.72x0.64mm_HandSolder,100,smt
77.02154,104.063074,0.0,top,R28,,,R_0402_1005Metric_Pad0.72x0.64mm_HandSolder,100,smt
77.047468,87.298934,0.0,top,R29,,,R_0402_1005Metric_Pad0.72x0.64mm_HandSolder,100,smt
41.644204,36.749947,35.0,bottom,R3,,,R_0402_1005Metric_Pad0.72x0.64mm_HandSolder,100,smt
77.021532,70.588063,0.0,top,R30,,,R_0402_1005Metric_Pad0.72x0.64mm_HandSolder,100,smt
99.807639,98.039512,-5.0,top,R31,,,R_0402_1005Metric_Pad0.72x0.64mm_HandSolder,100,smt
98.361609,81.312199,-5.0,top,R32,,,R_0402_1005Metric_Pad0.72x0.64mm_HandSolder,100,smt
96.885734,64.642088,-5.0,top,R33,,,R_0402_1005Metric_Pad0.72x0.64mm_HandSolder,100,smt
128.953713,75.532469,-25.0,top,R34,,,R_0402_1005Metric_Pad0.72x0.64mm_HandSolder,100,smt
121.864281,60.329166,-25.0,top,R35,,,R_0402_1005Metric_Pad0.72x0.64mm_HandSolder,100,smt
114.814097,45.131359,-25.0,top,R36,,,R_0402_1005Metric_Pad0.72x0.64mm_HandSolder,100,smt
103.112706,47.631626,155.0,top,R39,PF1206FRF070R01L,,R_0402_1005Metric_Pad0.72x0.64mm_HandSolder,4.7k,smt
35.112793,96.621322,5.0,bottom,R4,,,R_0402_1005Metric_Pad0.72x0.64mm_HandSolder,100,smt
103.1127,47.63163,-25.0,bottom,R40,PF1206FRF070R01L,,R_0402_1005Metric_Pad0.72x0.64mm_HandSolder,4.7k,smt
36.575078,79.914608,5.0,bottom,R5,,,R_0402_1005Metric_Pad0.72x0.64mm_HandSolder,100,smt
38.034719,63.223896,5.0,bottom,R6,,,R_0402_1005Metric_Pad0.72x0.64mm_HandSolder,100,smt
53.963025,101.457624,5.0,bottom,R7,,,R_0402_1005Metric_Pad0.72x0.64mm_HandSolder,100,smt
55.44647,84.734632,5.0,bottom,R8,,,R_0402_1005Metric_Pad0.72x0.64mm_HandSolder,100,smt
56.884916,68.060193,5.0,bottom,R9,,,R_0402_1005Metric_Pad0.72x0.64mm_HandSolder,100,smt
136.85133,83.659036,155.0,top,SW1,,,SW_SPDT_PCM12,PowerSwitch,smt
136.85133,83.659036,-25.0,bottom,SW2,,,SW_SPDT_PCM12,PowerSwitch,smt
113.859031,19.624428,90.0,bottom,SW3,,,SW4-SMD-2.8-2.6X1.6X0.53MM,BUTTON-4P,tht
113.859048,19.624424,-90.0,top,SW4,,,SW4-SMD-2.8-2.6X1.6X0.53MM,BUTTON-4P,tht
35.459844,45.145493,0.0,top,U1,,,Solder Nut,~,tht
1.801328,13.819039,0.0,top,U10,,,Fiducial_0.5mm_Mask1.5mm,~,smt
142.231325,82.349037,0.0,top,U11,,,Fiducial_0.5mm_Mask1.5mm,~,smt
1.801328,13.819039,180.0,bottom,U12,,,Fiducial_0.5mm_Mask1.5mm,~,smt
142.231325,82.349037,180.0,bottom,U13,,,Fiducial_0.5mm_Mask1.5mm,~,smt
24.191333,99.93904,180.0,bottom,U14,,,Fiducial_0.5mm_Mask1.5mm,~,smt
24.191333,99.93904,0.0,top,U15,,,Fiducial_0.5mm_Mask1.5mm,~,smt
117.914043,89.191629,0.0,top,U2,,,Solder Nut,~,tht
65.344034,104.601623,0.0,top,U3,,,Solder Nut,~,tht
92.974023,12.561609,0.0,top,U4,,,Solder Nut,~,tht
35.459851,12.612207,0.0,top,U5,,,Solder Nut,~,tht
107.999139,19.623134,-90.0,top,U7,,,XIAO-nRF52840-Sense-14P-2.54-21X17.8MM,Seeeduino Xiao nRF52840,smt
107.999139,19.623134,90.0,bottom,U8,,,XIAO-nRF52840-Sense-14P-2.54-21X17.8MM,Seeeduino Xiao nRF52840,smt
