﻿Designator,Quantity,Value,Footprint,Package,MPN,DNP,Mount_Type,Description,Sim.Device,Sim.Pins,LCSC Part Number,Specifications,Manufacturer,Display,JLCPCB ID
"D1, D10, D11, D12, D13, D14, D15, D16, D17, D18, D19, D2, D20, D21, D22, D23, D24, D25, D26, D27, D28, D29, D3, D30, D31, D32, D33, D34, D35, D36, D4, D5, D6, D7, D8, D9",36,D,D_0402_1005Metric,,,,smt,Diode,D,1=K 2=A,,,,,
"LED1, LED10, LED11, LED12, LED13, LED14, LED15, LED16, LED17, LED18, LED19, LED2, LED20, LED21, LED22, LED23, LED24, LED25, LED26, LED27, LED28, LED29, LED3, LED30, LED31, LED32, LED33, LED34, LED35, LED36, LED4, LED5, LED6, LED7, LED8, LED9",36,~,LED_0402_1005Metric_Pad0.77x0.64mm_HandSolder,,,,smt,"940nm, 20 deg, Infrared LED, 1206",,,,,,,
"Q1, Q2",2,AO3416 N-channel MOSFET,SOT-23,,AO3416,,smt,,,,C479060,,,,
"R1, R10, R11, R12, R13, R14, R15, R16, R17, R18, R19, R2, R20, R21, R22, R23, R24, R25, R26, R27, R28, R29, R3, R30, R31, R32, R33, R34, R35, R36, R4, R5, R6, R7, R8, R9",36,100,R_0402_1005Metric_Pad0.72x0.64mm_HandSolder,,,,smt,Resistor,,,,,,,
"R39, R40",2,4.7k,R_0402_1005Metric_Pad0.72x0.64mm_HandSolder,,PF1206FRF070R01L,,smt,"10mΩ, 10mOhm, Min. 250mW, 100PPM/C",,,,"10mΩ, 10mOhm, Min. 250mW, 100PPM/C",Yageo,10mΩ/250mW,C127703
"SW1, SW2",2,PowerSwitch,SW_SPDT_PCM12,,,,smt,"Switch slide, single pole double throw",,,,,,,
"SW3, SW4",2,BUTTON-4P,SW4-SMD-2.8-2.6X1.6X0.53MM,,,,tht,,,,,,,,
"U1, U2, U3, U4, U5",5,~,Solder Nut,,,,tht,,,,,,,,
