﻿pos_x,pos_y,rotation,side,designator,mpn,pack,footprint,value,mount_type
18.830561,10.825843,-145.0,bottom,CH1,,,Kailh_HS_Socket,KSwitch,smt
78.719078,95.517731,180.0,bottom,CH10,,,Kailh_HS_Socket,KSwitch,smt
78.74502,78.753609,180.0,bottom,CH11,,,Kailh_HS_Socket,KSwitch,smt
78.719078,62.042744,180.0,bottom,CH12,,,Kailh_HS_Socket,KSwitch,smt
100.730924,89.313277,175.0,bottom,CH13,,,Kailh_HS_Socket,KSwitch,smt
99.284923,72.585972,175.0,bottom,CH14,,,Kailh_HS_Socket,KSwitch,smt
97.809032,55.915859,175.0,bottom,CH15,,,Kailh_HS_Socket,KSwitch,smt
126.711878,66.770253,155.0,bottom,CH16,,,Kailh_HS_Socket,KSwitch,smt
119.622438,51.566933,155.0,bottom,CH17,,,Kailh_HS_Socket,KSwitch,smt
112.572245,36.369153,155.0,bottom,CH18,,,Kailh_HS_Socket,KSwitch,smt
14.734829,7.95797,35.0,top,CH19,,,Kailh_HS_Socket,KSwitch,smt
33.396121,21.024766,-145.0,bottom,CH2,,,Kailh_HS_Socket,KSwitch,smt
29.300359,18.156875,35.0,top,CH20,,,Kailh_HS_Socket,KSwitch,smt
43.85398,28.363176,35.0,top,CH21,,,Kailh_HS_Socket,KSwitch,smt
32.584908,87.887924,5.0,top,CH22,,,Kailh_HS_Socket,KSwitch,smt
34.047191,71.181211,5.0,top,CH23,,,Kailh_HS_Socket,KSwitch,smt
35.50683,54.490491,5.0,top,CH24,,,Kailh_HS_Socket,KSwitch,smt
51.435144,92.724236,5.0,top,CH25,,,Kailh_HS_Socket,KSwitch,smt
52.918598,76.001243,5.0,top,CH26,,,Kailh_HS_Socket,KSwitch,smt
54.35703,59.32679,5.0,top,CH27,,,Kailh_HS_Socket,KSwitch,smt
73.719085,95.517749,0.0,top,CH28,,,Kailh_HS_Socket,KSwitch,smt
73.745011,78.753602,0.0,top,CH29,,,Kailh_HS_Socket,KSwitch,smt
47.949709,31.231061,-145.0,bottom,CH3,,,Kailh_HS_Socket,KSwitch,smt
73.719062,62.04274,0.0,top,CH30,,,Kailh_HS_Socket,KSwitch,smt
95.749962,89.749066,-5.0,top,CH31,,,Kailh_HS_Socket,KSwitch,smt
94.303929,73.021756,-5.0,top,CH32,,,Kailh_HS_Socket,KSwitch,smt
92.828056,56.351641,-5.0,top,CH33,,,Kailh_HS_Socket,KSwitch,smt
122.180321,68.883335,-25.0,top,CH34,,,Kailh_HS_Socket,KSwitch,smt
115.090904,53.680013,-25.0,top,CH35,,,Kailh_HS_Socket,KSwitch,smt
108.0407,38.48223,-25.0,top,CH36,,,Kailh_HS_Socket,KSwitch,smt
37.565902,88.323693,-175.0,bottom,CH4,,,Kailh_HS_Socket,KSwitch,smt
39.028168,71.616981,-175.0,bottom,CH5,,,Kailh_HS_Socket,KSwitch,smt
40.487824,54.926272,-175.0,bottom,CH6,,,Kailh_HS_Socket,KSwitch,smt
56.416122,93.160011,-175.0,bottom,CH7,,,Kailh_HS_Socket,KSwitch,smt
57.899569,76.437018,-175.0,bottom,CH8,,,Kailh_HS_Socket,KSwitch,smt
59.338018,59.762586,-175.0,bottom,CH9,,,Kailh_HS_Socket,KSwitch,smt
8.002307,9.187001,-55.0,top,D1,,,D_0402_1005Metric,D,smt
68.909083,100.386117,-90.0,top,D10,,,D_0402_1005Metric,D,smt
68.935007,83.621985,-90.0,top,D11,,,D_0402_1005Metric,D,smt
68.90907,66.911114,-90.0,top,D12,,,D_0402_1005Metric,D,smt
91.382558,95.018137,-95.0,top,D13,,,D_0402_1005Metric,D,smt
89.936543,78.290818,-95.0,top,D14,,,D_0402_1005Metric,D,smt
88.460653,61.620721,-95.0,top,D15,,,D_0402_1005Metric,D,smt
119.878474,75.328378,-115.0,top,D16,,,D_0402_1005Metric,D,smt
112.789024,60.125066,-115.0,top,D17,,,D_0402_1005Metric,D,smt
105.738829,44.927275,-115.0,top,D18,,,D_0402_1005Metric,D,smt
8.002303,9.18701,-55.0,bottom,D19,,,D_0402_1005Metric,D,smt
22.567845,19.385931,-55.0,top,D2,,,D_0402_1005Metric,D,smt
22.567848,19.385921,-55.0,bottom,D20,,,D_0402_1005Metric,D,smt
37.102691,29.563323,-55.0,bottom,D21,,,D_0402_1005Metric,D,smt
27.368915,92.318547,-85.0,bottom,D22,,,D_0402_1005Metric,D,smt
28.831201,75.611827,-85.0,bottom,D23,,,D_0402_1005Metric,D,smt
30.290833,58.921134,-85.0,bottom,D24,,,D_0402_1005Metric,D,smt
46.219141,97.154864,-85.0,bottom,D25,,,D_0402_1005Metric,D,smt
47.702572,80.431883,-85.0,bottom,D26,,,D_0402_1005Metric,D,smt
49.141027,63.757427,-85.0,bottom,D27,,,D_0402_1005Metric,D,smt
68.909088,100.386116,-90.0,bottom,D28,,,D_0402_1005Metric,D,smt
68.935007,83.621984,-90.0,bottom,D29,,,D_0402_1005Metric,D,smt
37.102698,29.563315,-55.0,top,D3,,,D_0402_1005Metric,D,smt
68.909082,66.91113,-90.0,bottom,D30,,,D_0402_1005Metric,D,smt
91.382558,95.018134,-95.0,bottom,D31,,,D_0402_1005Metric,D,smt
89.936555,78.290821,-95.0,bottom,D32,,,D_0402_1005Metric,D,smt
88.460672,61.620712,-95.0,bottom,D33,,,D_0402_1005Metric,D,smt
119.878453,75.32839,-115.0,bottom,D34,,,D_0402_1005Metric,D,smt
112.789023,60.125064,-115.0,bottom,D35,,,D_0402_1005Metric,D,smt
105.738829,44.927275,-115.0,bottom,D36,,,D_0402_1005Metric,D,smt
27.36892,92.318556,-85.0,top,D4,,,D_0402_1005Metric,D,smt
28.831192,75.611836,-85.0,top,D5,,,D_0402_1005Metric,D,smt
30.290814,58.921135,-85.0,top,D6,,,D_0402_1005Metric,D,smt
46.219143,97.154872,-85.0,top,D7,,,D_0402_1005Metric,D,smt
47.702592,80.431866,-85.0,top,D8,,,D_0402_1005Metric,D,smt
49.141035,63.757419,-85.0,top,D9,,,D_0402_1005Metric,D,smt
10.922131,17.833336,35.0,bottom,LED1,,,LED_0402_1005Metric_Pad0.77x0.64mm_HandSolder,~,smt
76.260222,105.79403,0.0,bottom,LED10,,,LED_0402_1005Metric_Pad0.77x0.64mm_HandSolder,~,smt
76.286141,89.029874,0.0,bottom,LED11,,,LED_0402_1005Metric_Pad0.77x0.64mm_HandSolder,~,smt
76.260206,72.319041,0.0,bottom,LED12,,,LED_0402_1005Metric_Pad0.77x0.64mm_HandSolder,~,smt
99.177039,99.76478,-5.0,bottom,LED13,,,LED_0402_1005Metric_Pad0.77x0.64mm_HandSolder,~,smt
97.731033,83.037483,-5.0,bottom,LED14,,,LED_0402_1005Metric_Pad0.77x0.64mm_HandSolder,~,smt
96.255143,66.367365,-5.0,bottom,LED15,,,LED_0402_1005Metric_Pad0.77x0.64mm_HandSolder,~,smt
128.826311,77.122896,-25.0,bottom,LED16,,,LED_0402_1005Metric_Pad0.77x0.64mm_HandSolder,~,smt
121.736899,61.919568,-25.0,bottom,LED17,,,LED_0402_1005Metric_Pad0.77x0.64mm_HandSolder,~,smt
114.686692,46.721792,-25.0,bottom,LED18,,,LED_0402_1005Metric_Pad0.77x0.64mm_HandSolder,~,smt
10.922132,17.833348,35.0,top,LED19,,,LED_0402_1005Metric_Pad0.77x0.64mm_HandSolder,~,smt
25.487703,28.032256,35.0,bottom,LED2,,,LED_0402_1005Metric_Pad0.77x0.64mm_HandSolder,~,smt
25.487691,28.032265,35.0,top,LED20,,,LED_0402_1005Metric_Pad0.77x0.64mm_HandSolder,~,smt
40.022517,38.209652,35.0,top,LED21,,,LED_0402_1005Metric_Pad0.77x0.64mm_HandSolder,~,smt
34.220722,98.346589,5.0,top,LED22,,,LED_0402_1005Metric_Pad0.77x0.64mm_HandSolder,~,smt
35.683015,81.639857,5.0,top,LED23,,,LED_0402_1005Metric_Pad0.77x0.64mm_HandSolder,~,smt
37.142648,64.949155,5.0,top,LED24,,,LED_0402_1005Metric_Pad0.77x0.64mm_HandSolder,~,smt
53.070969,103.182896,5.0,top,LED25,,,LED_0402_1005Metric_Pad0.77x0.64mm_HandSolder,~,smt
54.554403,86.459908,5.0,top,LED26,,,LED_0402_1005Metric_Pad0.77x0.64mm_HandSolder,~,smt
55.992847,69.785458,5.0,top,LED27,,,LED_0402_1005Metric_Pad0.77x0.64mm_HandSolder,~,smt
76.260199,105.794041,0.0,top,LED28,,,LED_0402_1005Metric_Pad0.77x0.64mm_HandSolder,~,smt
76.286139,89.029887,0.0,top,LED29,,,LED_0402_1005Metric_Pad0.77x0.64mm_HandSolder,~,smt
40.022521,38.209654,35.0,bottom,LED3,,,LED_0402_1005Metric_Pad0.77x0.64mm_HandSolder,~,smt
76.260202,72.319055,0.0,top,LED30,,,LED_0402_1005Metric_Pad0.77x0.64mm_HandSolder,~,smt
99.177042,99.764776,-5.0,top,LED31,,,LED_0402_1005Metric_Pad0.77x0.64mm_HandSolder,~,smt
97.731012,83.037475,-5.0,top,LED32,,,LED_0402_1005Metric_Pad0.77x0.64mm_HandSolder,~,smt
96.255144,66.36735,-5.0,top,LED33,,,LED_0402_1005Metric_Pad0.77x0.64mm_HandSolder,~,smt
128.826306,77.122908,-25.0,top,LED34,,,LED_0402_1005Metric_Pad0.77x0.64mm_HandSolder,~,smt
121.7369,61.919574,-25.0,top,LED35,,,LED_0402_1005Metric_Pad0.77x0.64mm_HandSolder,~,smt
114.686692,46.721801,-25.0,top,LED36,,,LED_0402_1005Metric_Pad0.77x0.64mm_HandSolder,~,smt
34.220734,98.346573,5.0,bottom,LED4,,,LED_0402_1005Metric_Pad0.77x0.64mm_HandSolder,~,smt
35.682998,81.639848,5.0,bottom,LED5,,,LED_0402_1005Metric_Pad0.77x0.64mm_HandSolder,~,smt
37.142648,64.949153,5.0,bottom,LED6,,,LED_0402_1005Metric_Pad0.77x0.64mm_HandSolder,~,smt
53.070969,103.182906,5.0,bottom,LED7,,,LED_0402_1005Metric_Pad0.77x0.64mm_HandSolder,~,smt
54.554412,86.459894,5.0,bottom,LED8,,,LED_0402_1005Metric_Pad0.77x0.64mm_HandSolder,~,smt
55.992857,69.785454,5.0,bottom,LED9,,,LED_0402_1005Metric_Pad0.77x0.64mm_HandSolder,~,smt
103.405239,50.139555,65.0,top,Q1,AO3416,,SOT-23,AO3416 N-channel MOSFET,smt
103.405239,50.139555,65.0,bottom,Q2,AO3416,,SOT-23,AO3416 N-channel MOSFET,smt
11.782501,16.6046,35.0,bottom,R1,,,R_0402_1005Metric_Pad0.72x0.64mm_HandSolder,100,smt
76.260213,104.294039,0.0,bottom,R10,,,R_0402_1005Metric_Pad0.72x0.64mm_HandSolder,100,smt
76.28614,87.529887,0.0,bottom,R11,,,R_0402_1005Metric_Pad0.72x0.64mm_HandSolder,100,smt
76.260197,70.819031,0.0,bottom,R12,,,R_0402_1005Metric_Pad0.72x0.64mm_HandSolder,100,smt
99.046309,98.270477,-5.0,bottom,R13,,,R_0402_1005Metric_Pad0.72x0.64mm_HandSolder,100,smt
97.600293,81.543178,-5.0,bottom,R14,,,R_0402_1005Metric_Pad0.72x0.64mm_HandSolder,100,smt
96.124412,64.873063,-5.0,bottom,R15,,,R_0402_1005Metric_Pad0.72x0.64mm_HandSolder,100,smt
128.192397,75.763427,-25.0,bottom,R16,,,R_0402_1005Metric_Pad0.72x0.64mm_HandSolder,100,smt
121.10296,60.560109,-25.0,bottom,R17,,,R_0402_1005Metric_Pad0.72x0.64mm_HandSolder,100,smt
114.052753,45.362331,-25.0,bottom,R18,,,R_0402_1005Metric_Pad0.72x0.64mm_HandSolder,100,smt
11.782504,16.604605,35.0,top,R19,,,R_0402_1005Metric_Pad0.72x0.64mm_HandSolder,100,smt
26.348052,26.803519,35.0,bottom,R2,,,R_0402_1005Metric_Pad0.72x0.64mm_HandSolder,100,smt
26.348056,26.803522,35.0,top,R20,,,R_0402_1005Metric_Pad0.72x0.64mm_HandSolder,100,smt
40.882892,36.980923,35.0,top,R21,,,R_0402_1005Metric_Pad0.72x0.64mm_HandSolder,100,smt
34.351468,96.852285,5.0,top,R22,,,R_0402_1005Metric_Pad0.72x0.64mm_HandSolder,100,smt
35.813749,80.145567,5.0,top,R23,,,R_0402_1005Metric_Pad0.72x0.64mm_HandSolder,100,smt
37.273382,63.454854,5.0,top,R24,,,R_0402_1005Metric_Pad0.72x0.64mm_HandSolder,100,smt
53.201701,101.688596,5.0,top,R25,,,R_0402_1005Metric_Pad0.72x0.64mm_HandSolder,100,smt
54.685134,84.965601,5.0,top,R26,,,R_0402_1005Metric_Pad0.72x0.64mm_HandSolder,100,smt
56.123575,68.291148,5.0,top,R27,,,R_0402_1005Metric_Pad0.72x0.64mm_HandSolder,100,smt
76.260209,104.294036,0.0,top,R28,,,R_0402_1005Metric_Pad0.72x0.64mm_HandSolder,100,smt
76.286138,87.529897,0.0,top,R29,,,R_0402_1005Metric_Pad0.72x0.64mm_HandSolder,100,smt
40.882877,36.980905,35.0,bottom,R3,,,R_0402_1005Metric_Pad0.72x0.64mm_HandSolder,100,smt
76.260204,70.819024,0.0,top,R30,,,R_0402_1005Metric_Pad0.72x0.64mm_HandSolder,100,smt
99.046311,98.270474,-5.0,top,R31,,,R_0402_1005Metric_Pad0.72x0.64mm_HandSolder,100,smt
97.600285,81.54316,-5.0,top,R32,,,R_0402_1005Metric_Pad0.72x0.64mm_HandSolder,100,smt
96.124409,64.873049,-5.0,top,R33,,,R_0402_1005Metric_Pad0.72x0.64mm_HandSolder,100,smt
128.19239,75.763429,-25.0,top,R34,,,R_0402_1005Metric_Pad0.72x0.64mm_HandSolder,100,smt
121.102954,60.560127,-25.0,top,R35,,,R_0402_1005Metric_Pad0.72x0.64mm_HandSolder,100,smt
114.05277,45.362321,-25.0,top,R36,,,R_0402_1005Metric_Pad0.72x0.64mm_HandSolder,100,smt
102.351379,47.862589,155.0,top,R39,PF1206FRF070R01L,,R_0402_1005Metric_Pad0.72x0.64mm_HandSolder,4.7k,smt
34.351467,96.852285,5.0,bottom,R4,,,R_0402_1005Metric_Pad0.72x0.64mm_HandSolder,100,smt
102.35137,47.862591,-25.0,bottom,R40,PF1206FRF070R01L,,R_0402_1005Metric_Pad0.72x0.64mm_HandSolder,4.7k,smt
35.813748,80.14557,5.0,bottom,R5,,,R_0402_1005Metric_Pad0.72x0.64mm_HandSolder,100,smt
37.273387,63.454857,5.0,bottom,R6,,,R_0402_1005Metric_Pad0.72x0.64mm_HandSolder,100,smt
53.201696,101.688585,5.0,bottom,R7,,,R_0402_1005Metric_Pad0.72x0.64mm_HandSolder,100,smt
54.685136,84.965595,5.0,bottom,R8,,,R_0402_1005Metric_Pad0.72x0.64mm_HandSolder,100,smt
56.123593,68.291152,5.0,bottom,R9,,,R_0402_1005Metric_Pad0.72x0.64mm_HandSolder,100,smt
136.09,83.89,155.0,top,SW1,,,SW_SPDT_PCM12,PowerSwitch,smt
136.09,83.89,-25.0,bottom,SW2,,,SW_SPDT_PCM12,PowerSwitch,smt
113.097707,19.85539,90.0,bottom,SW3,,,SW4-SMD-2.8-2.6X1.6X0.53MM,BUTTON-4P,tht
113.097715,19.855384,-90.0,top,SW4,,,SW4-SMD-2.8-2.6X1.6X0.53MM,BUTTON-4P,tht
34.698519,45.376454,0.0,top,U1,,,Solder Nut,~,tht
1.039999,14.050002,0.0,top,U10,,,Fiducial_0.5mm_Mask1.5mm,~,smt
141.47,82.58,0.0,top,U11,,,Fiducial_0.5mm_Mask1.5mm,~,smt
1.039999,14.050002,180.0,bottom,U12,,,Fiducial_0.5mm_Mask1.5mm,~,smt
141.47,82.58,180.0,bottom,U13,,,Fiducial_0.5mm_Mask1.5mm,~,smt
23.430002,100.170001,180.0,bottom,U14,,,Fiducial_0.5mm_Mask1.5mm,~,smt
23.430002,100.170001,0.0,top,U15,,,Fiducial_0.5mm_Mask1.5mm,~,smt
117.152707,89.422589,0.0,top,U2,,,Solder Nut,~,tht
64.582704,104.832582,0.0,top,U3,,,Solder Nut,~,tht
92.212692,12.792572,0.0,top,U4,,,Solder Nut,~,tht
34.698523,12.843167,0.0,top,U5,,,Solder Nut,~,tht
107.237811,19.854099,-90.0,top,U7,,,XIAO-nRF52840-Sense-14P-2.54-21X17.8MM,Seeeduino Xiao nRF52840,smt
107.237811,19.854099,90.0,bottom,U8,,,XIAO-nRF52840-Sense-14P-2.54-21X17.8MM,Seeeduino Xiao nRF52840,smt
