﻿pos_x,pos_y,rotation,side,designator,mpn,pack,footprint,value,mount_type
74.816269,-134.757779,-145.0,top,CH1,,,Kailh_socket_PG1350_reversible,KSwitch,smt
137.653456,-47.289674,0.0,top,CH10,,,Kailh_socket_PG1350_reversible,KSwitch,smt
137.653455,-64.541675,0.0,top,CH11,,,Kailh_socket_PG1350_reversible,KSwitch,smt
137.653434,-81.793671,0.0,top,CH12,,,Kailh_socket_PG1350_reversible,KSwitch,smt
160.83067,-53.469969,-5.0,top,CH13,,,Kailh_socket_PG1350_reversible,KSwitch,smt
159.327047,-70.656328,-5.0,top,CH14,,,Kailh_socket_PG1350_reversible,KSwitch,smt
157.823439,-87.842689,-5.0,top,CH15,,,Kailh_socket_PG1350_reversible,KSwitch,smt
188.587941,-74.617046,-25.0,top,CH16,,,Kailh_socket_PG1350_reversible,KSwitch,smt
181.296932,-90.252665,-25.0,top,CH17,,,Kailh_socket_PG1350_reversible,KSwitch,smt
174.005932,-105.888269,-25.0,top,CH18,,,Kailh_socket_PG1350_reversible,KSwitch,smt
89.767561,-124.288748,-145.0,top,CH2,,,Kailh_socket_PG1350_reversible,KSwitch,smt
104.718602,-113.81994,-145.0,top,CH3,,,Kailh_socket_PG1350_reversible,KSwitch,smt
96.019397,-54.726858,5.0,top,CH4,,,Kailh_socket_PG1350_reversible,KSwitch,smt
97.523148,-71.91465,5.0,top,CH5,,,Kailh_socket_PG1350_reversible,KSwitch,smt
99.026723,-89.100976,5.0,top,CH6,,,Kailh_socket_PG1350_reversible,KSwitch,smt
114.890907,-49.908263,5.0,top,CH7,,,Kailh_socket_PG1350_reversible,KSwitch,smt
116.394528,-67.094613,5.0,top,CH8,,,Kailh_socket_PG1350_reversible,KSwitch,smt
117.898137,-84.280971,5.0,top,CH9,,,Kailh_socket_PG1350_reversible,KSwitch,smt
67.575836,-140.114287,-55.0,top,D1,,,Nexperia_CFP3_SOD-123W,D,smt
67.575836,-140.114287,-55.0,bottom,D1,,,Nexperia_CFP3_SOD-123W,D,smt
128.592043,-47.483378,-90.0,top,D10,,,Nexperia_CFP3_SOD-123W,D,smt
128.592043,-47.483378,-90.0,bottom,D10,,,Nexperia_CFP3_SOD-123W,D,smt
128.642053,-64.773384,-90.0,top,D11,,,Nexperia_CFP3_SOD-123W,D,smt
128.642053,-64.773384,-90.0,bottom,D11,,,Nexperia_CFP3_SOD-123W,D,smt
128.732053,-81.943348,-90.0,top,D12,,,Nexperia_CFP3_SOD-123W,D,smt
128.732053,-81.943348,-90.0,bottom,D12,,,Nexperia_CFP3_SOD-123W,D,smt
151.847281,-52.838796,-95.0,top,D13,,,Nexperia_CFP3_SOD-123W,D,smt
151.847281,-52.838796,-95.0,bottom,D13,,,Nexperia_CFP3_SOD-123W,D,smt
150.367186,-70.010541,-95.0,top,D14,,,Nexperia_CFP3_SOD-123W,D,smt
150.367186,-70.010541,-95.0,bottom,D14,,,Nexperia_CFP3_SOD-123W,D,smt
148.877713,-87.161491,-95.0,top,D15,,,Nexperia_CFP3_SOD-123W,D,smt
148.877713,-87.161491,-95.0,bottom,D15,,,Nexperia_CFP3_SOD-123W,D,smt
180.344577,-70.949219,-115.0,top,D16,,,Nexperia_CFP3_SOD-123W,D,smt
180.344577,-70.949219,-115.0,bottom,D16,,,Nexperia_CFP3_SOD-123W,D,smt
173.053577,-86.584852,-115.0,top,D17,,,Nexperia_CFP3_SOD-123W,D,smt
173.053577,-86.584852,-115.0,bottom,D17,,,Nexperia_CFP3_SOD-123W,D,smt
165.762581,-102.220439,-115.0,top,D18,,,Nexperia_CFP3_SOD-123W,D,smt
165.762581,-102.220439,-115.0,bottom,D18,,,Nexperia_CFP3_SOD-123W,D,smt
82.568243,-129.581253,-55.0,top,D2,,,Nexperia_CFP3_SOD-123W,D,smt
82.568243,-129.581253,-55.0,bottom,D2,,,Nexperia_CFP3_SOD-123W,D,smt
97.498233,-119.161244,-55.0,top,D3,,,Nexperia_CFP3_SOD-123W,D,smt
97.498233,-119.161244,-55.0,bottom,D3,,,Nexperia_CFP3_SOD-123W,D,smt
87.089199,-55.684934,-85.0,top,D4,,,Nexperia_CFP3_SOD-123W,D,smt
87.089199,-55.684934,-85.0,bottom,D4,,,Nexperia_CFP3_SOD-123W,D,smt
88.6487,-72.885891,-85.0,top,D5,,,Nexperia_CFP3_SOD-123W,D,smt
88.6487,-72.885891,-85.0,bottom,D5,,,Nexperia_CFP3_SOD-123W,D,smt
90.098777,-90.057633,-85.0,top,D6,,,Nexperia_CFP3_SOD-123W,D,smt
90.098777,-90.057633,-85.0,bottom,D6,,,Nexperia_CFP3_SOD-123W,D,smt
105.9607,-50.866344,-85.0,top,D7,,,Nexperia_CFP3_SOD-123W,D,smt
105.9607,-50.866344,-85.0,bottom,D7,,,Nexperia_CFP3_SOD-123W,D,smt
107.37028,-68.059048,-85.0,top,D8,,,Nexperia_CFP3_SOD-123W,D,smt
107.37028,-68.059048,-85.0,bottom,D8,,,Nexperia_CFP3_SOD-123W,D,smt
108.96027,-85.239049,-85.0,top,D9,,,Nexperia_CFP3_SOD-123W,D,smt
108.96027,-85.239049,-85.0,bottom,D9,,,Nexperia_CFP3_SOD-123W,D,smt
197.451122,-64.430302,155.0,top,SW1,,,SW_SPDT_PCM12,SW_Wuerth_450301014042,smt
197.451122,-64.430302,-25.0,bottom,SW1,,,SW_SPDT_PCM12,SW_Wuerth_450301014042,smt
168.685705,-128.555718,-90.0,top,U1,,,XIAO-nRF52840-Sense-14P-2.54-21X17.8MM,Seeeduino Xiao nRF52840,smt
168.685719,-128.561144,90.0,bottom,U1,,,XIAO-nRF52840-Sense-14P-2.54-21X17.8MM,Seeeduino Xiao nRF52840,smt
134.900145,-117.905092,0.0,top,U7,,,Salt,~,smt
134.878074,-117.903338,180.0,bottom,U7,,,Salt,~,smt
